B.Code,B.Author.Last,B.Date,B.Journal,B.New,B.DOI,B.Url,B.Project
NN0022,Ayantunde,2007,Tropical Animal Health and Production,No,DOI 10.1007/s11250-007-9009-1,NA,Livestock Update 2022
NN0080,Salem,2005,Small Ruminant Research,No,10.1016/j.smallrumres.2005.05.010,NA,Livestock Update 2022
NN0081,Salem,2008,Animal Feed Science and Technology,No,10.1016/j.anifeedsci.2007.09.019,NA,Livestock Update 2022
NN0085,Azaza,2006,Journal of Applied Ichthyology,No,10.1111/j.1439-0426.2007.01017.x,NA,Livestock Update 2022
NN0092.1,Mahouachi,2011,Scientific World Journal,No,10.1100/2012/321567,NA,Livestock Update 2022
NN0092.2,Mahouachi,2011,Scientific World Journal,No,10.1100/2012/321567,NA,Livestock Update 2022
NN0101,Gasmi-Boubaker,2006,Animal Feed Science and Technology,No,10.1016/j.anifeedsci.2005.05.024,NA,Livestock Update 2022
NN0106,Eniolorunda,2011,African Journal of Biotechnology,No,10.5897/AJB10.1539,NA,Livestock Update 2022
NN0109.1,Fagbenro,1995,Aquaculture Nutrition,No,10.1111/j.1365-2095.1995.tb00047.x,NA,Livestock Update 2022
NN0109.2,Fagbenro,1995,Aquaculture Nutrition,No,10.1111/j.1365-2095.1995.tb00047.x,NA,Livestock Update 2022
NN0110.1,Fagbenro,1999,Aquaculture Research,No,10.1046/j.1365-2109.1999.00321.x,NA,Livestock Update 2022
NN0113,Fagbenro,1991,Bioresource Technology,No,10.1016/0960-8524(91)90192-m,NA,Livestock Update 2022
NN0114,Fagbenro,2010,African Journal of Agricultural Research,No,https://doi.org/10.5897/AJAR.9000509,NA,Livestock Update 2022
NN0119.1,Fasuyi,2007,"Journal of Food, Agriculture & Environment",Yes,NA,https://agris.fao.org/agris-search/search.do?recordID=US201300869656,Livestock Update 2022
NN0137.1,El-Deek,2002,Archiv fur Geflugelkunde,No,NA,https://www.researchgate.net/publication/288781735_Use_of_dried_Giant_Snail_meal_Theba_pisana_in_broiler_diets,Livestock Update 2022
NN0137.2,El-Deek,2002,Archiv fur Geflugelkunde,No,NA,https://www.researchgate.net/publication/288781735_Use_of_dried_Giant_Snail_meal_Theba_pisana_in_broiler_diets,Livestock Update 2022
NN0137.3,El-Deek,2002,Archiv fur Geflugelkunde,No,NA,https://www.researchgate.net/publication/288781735_Use_of_dried_Giant_Snail_meal_Theba_pisana_in_broiler_diets,Livestock Update 2022
NN0137.4,El-Deek,2002,Archiv fur Geflugelkunde,No,NA,https://www.researchgate.net/publication/288781735_Use_of_dried_Giant_Snail_meal_Theba_pisana_in_broiler_diets,Livestock Update 2022
NN0156,Brand,1997,South African Journal of Animal Science,No,10.4314/sajas.v17i2.44353,NA,Livestock Update 2022
NN0165,Greyling,2004,Small Ruminant Research,No,10.1016/j.smallrumres.2003.11.014,NA,Livestock Update 2022
NN0188,Khalili,1992,Animal Feed Science and Technology,No,https://doi.org/10.1016/0377-8401(92)90062-B,NA,Livestock Update 2022
NN0191.2,Larbi,1993,Agroforestry Systems,No,10.1007/bf00705245,NA,Livestock Update 2022
NN0196,Melaku,2004,Livestock Production Science,No,10.1016/j.livprodsci.2004.01.003,NA,Livestock Update 2022
NN0201,Nsahlai,1996,Animal Feed Science Technology,Yes,10.1016/0377-8401(95)00941-8,NA,Livestock Update 2022
NN0205,Nurfeta,2014,Tropical Animal Health and Production,No,DOI 10.1007/s11250-013-0527-8,NA,Livestock Update 2022
NN0230,Wiegand,1994,Tropical Agriculture,No,https://cgspace.cgiar.org/handle/10568/29698,NA,Livestock Update 2022
NN0293,Zake,2010,Journal of Sustainable Agriculture,No,10.1080/10440046.2010.493368,NA,Livestock Update 2022
NN0322,Chukwukaelo,2018,Tropical Animal Health and Production,No,10.1007/s11250-017-1457-7,NA,Livestock Update 2022
AG0015,Frimpong,2014,Sustainability,Yes,10.3390/su6020652,NA,Livestock Update 2022
AG0018,Gusha,2015,Tropical and Subtropical Agroecosystems,No,NA,https://pdfs.semanticscholar.org/085f/cbe290d2edec655ea106f6ba39ef4e6a3673.pdf,Livestock Update 2022
AG0042,Oloche,2018,Pakistan Journal of Nutrition,Yes,10.3923/pjn.2018.374.378,NA,Livestock Update 2022
AG0050,Dada,2015,Journal of Fisheries and Aquatic Science,No,10.3923/jfas.2015.569.574,NA,Livestock Update 2022
AG0051,Mutimura,2018,Animal Nutrition,No,10.1016/j.aninu.2018.01.006,NA,Livestock Update 2022
AG0087,Salih,2016,Iranian Journal of Applied Animal Science,Yes,NA,ijas.iaurasht.ac.ir/article_526675_5a54a101dcda6f6b70eab2d3cf7f4c40.pdf,Livestock Update 2022
AN0007,Adegun,2016,Asian Journal of Animal and Veterinary Advances,No,10.3923/ajava.2016.725.731,NA,Livestock Update 2022
AN0020,Amobi,2018,Journal of Insects as Food and Feed,Yes,10.3920/JIFF2017.0078,NA,Livestock Update 2022
AN0021,Alabi,2013,Tropical Animal Health and Production,No,10.1007/s11250-013-0368-5,NA,Livestock Update 2022
AN0027,Azzaz,2017,International Journal of Dairy Science,Yes,10.3923/ijds.2017.266.274,NA,Livestock Update 2022
AN0029,Babatunde,2018,Journal of Rangeland Science,Yes,NA,http://www.rangeland.ir/article_538257.html,Livestock Update 2022
AN0057,Tekle,2018,Livestock Research for Rural Development,No,NA,http://www.lrrd.org/lrrd30/8/desta30149.html,Livestock Update 2022
AN0058,Wanjohi,2018,Livestock Research for Rural Development,No,NA,www.lrrd.org/lrrd30/4/dunc30063.html,Livestock Update 2022
DK0001,Carter,2018,Journal of Agriculture and Rural Development in the Tropics and Subtropics,No,10.17170/kobra-2018112824,NA,Livestock Update 2022
DK0007,Youssoufi,2013,Acta Horticulturae,No,10.17660/actahortic.2013.995.38,NA,Livestock Update 2022
DK0037,Asizua,2014,Livestock Science,No,10.1016/j.livsci.2014.09.010,NA,Livestock Update 2022
EO0027,Bamba,2014,Livestock Research for Rural Development,No,NA,http://www.lrrd.org/lrrd26/10/bamb26189.htm,Livestock Update 2022
EO0032,Balehegn,2014,Tropical Animal Health and Production,No,0.1007/s11250-014-0582-9,NA,Livestock Update 2022
EO0041,Mekasha,2013,Livestock Research for Rural Development,No,NA,www.lrrd.org/lrrd25/6/meka25104.htm,Livestock Update 2022
EO0046,Fasae,2016,Tropical and Subtropical Agroecosystems,No,NA,http://www.revista.ccba.uady.mx/ojs/index.php/TSA/article/view/2224,Livestock Update 2022
EO0047,Manhique,2017,Livestock Research for Rural Development,No,NA,www.researchgate.net/publication/316188390,Livestock Update 2022
EO0057,Berhanu,2013,Agriculture and Natural Resources,Yes,NA,li01.tci-thaijo.org/index.php/anres/article/view/243030,Livestock Update 2022
EO0067,Gusha,2016,Livestock Research for Rural Development,No,NA,http://www.lrrd.org/lrrd28/11/gush28206.html,Livestock Update 2022
EO0074,Gelgelo,2017,Livestock Research for Rural Development,No,NA,www.lrrd.org/lrrd29/4/atta29077.html,Livestock Update 2022
EO0078,Hintsa,2015,Livestock Research for Rural Development,No,NA,www.lrrd.org/lrrd27/9/kida27180.html,Livestock Update 2022
EO0086,Nesseim,2017,Tropicultura,Yes,NA,www.researchgate.net/publication/320435263_Effects_of_defatting_combined_or_not_to_heating_of_Jatropha_curcas_kernel_meal_on_feed_intake_and_growth_performance_in_broiler_chickens_and_chicks_in_Senegal,Livestock Update 2022
EO0102,Bertine,2013,Livestock Research for Rural Development,No,NA,www.lrrd.org/lrrd25/8/noum25145.htm,Livestock Update 2022
HK0005,Abasiekong,1991,Archiv Fur Tierernahrung-Archives of Animal Nutrition,No,10.1080/17450399109428459,NA,Livestock Update 2022
HK0006,Abegunde,2010,Journal of Animal Physiology and Animal Nutrition,No,10.1111/j.1439-0396.2010.01040.x,NA,Livestock Update 2022
HK0007,Abiola,2004,Bioresource Technology,No,10.1016/j.biortech.2004.02.001,NA,Livestock Update 2022
HK0008,Adejumo,1991,Small Ruminant Research,No,10.1016/0921-4488(91)90032-l,NA,Livestock Update 2022
HK0011,Adeneye,1994,Small Ruminant Research,No,10.1016/0921-4488(94)90071-x,NA,Livestock Update 2022
HK0014,Aderolu,2009,African Journal of Aquatic Science,No,10.2989/ajas.2009.34.2.3.890,NA,Livestock Update 2022
HK0017,Adewolu,2010,Israeli Journal of Aquaculture-Bamidgeh,No,NA,https://www.researchgate.net/profile/Morenike-Adewolu/publication/234888799_Evaluation_of_an_Animal_Protein_Mixture_as_a_Replacement_for_Fishmeal_in_Practical_Diets_for_Fingerlings_of_Clarias_Gariepinus_Burchell_1822/links/02bfe5102b73c8e85d000000/Evaluation-of-an-Animal-Protein-Mixture-as-a-Replacement-for-Fishmeal-in-Practical-Diets-for-Fingerlings-of-Clarias-Gariepinus-Burchell-1822.pdf,Livestock Update 2022
HK0026,Ajayi,2008,Animal Science,No,10.1111/j.1740-0929.2008.00579.x,NA,Livestock Update 2022
HK0028,Akinola,2013,Tropical Animal Health and Production,No,10.1007/s11250-012-0273-3,NA,Livestock Update 2022
HK0029,Akinsoyinu,1992,Bioresource Technology,No,10.1016/0960-8524(92)90200-h,NA,Livestock Update 2022
HK0033,Anigbogu,2003,Asian-Australasian Journal of Animal Sciences,No,10.5713/ajas.2003.384,NA,Livestock Update 2022
HK0037,Annongu,2000,European Poultry Science,No,NA,https://www.european-poultry-science.com/artikel.dll/2000-65-28-32_gq4tmmbqge4q.pdf?UID=FC4CCB24FF9D15F766F56FA6AB11C0D3EAC2CAEA,Livestock Update 2022
HK0044.1,Balogun,1990,Animal Feed Science and Technology,No,10.1016/0377-8401(90)90015-z,NA,Livestock Update 2022
HK0044.2,Balogun,1990,Animal Feed Science and Technology,No,10.1016/0377-8401(90)90015-z,NA,Livestock Update 2022
HK0045,Bello,2012,International Journal of Morphology,No,NA,https://www.scielo.cl/scielo.php?pid=S0717-95022012000100045&script=sci_arttext&tlng=en,Livestock Update 2022
HK0066.1,Odunsi,2005,Tropical Animal Health and Production,No,10.1023/b:;trop.0000048455.96694.85,NA,Livestock Update 2022
HK0066.2,Odunsi,2005,Tropical Animal Health and Production,No,10.1023/b:;trop.0000048455.96694.85,NA,Livestock Update 2022
HK0067,Odunsi,1995,Journal of Applied Animal Research,No,10.1080/09712119.1995.9706063,NA,Livestock Update 2022
HK0082,Okeudo,1993,Tropical Animal Health and Production,No,10.1007/bf02250877,NA,Livestock Update 2022
HK0086,Olafadehan,2009,Tropical Animal Health and Production,No,10.1007/s11250-009-9312-0,NA,Livestock Update 2022
HK0098,Omoregie,2001,Aquaculture Research,No,10.1046/j.1365-2109.2001.00575.x,NA,Livestock Update 2022
HK0099,Omoregie,1993,Israeli Journal of Aquaculture-Bamidgeh,No,NA,http://www.researchgate.net/publication/237100000,Livestock Update 2022
HK0102.1,Onwudike,1986,Animal Feed Science and Technology,No,10.1016/0377-8401(86)90110-0,NA,Livestock Update 2022
HK0102.2,Onwudike,1986,Animal Feed Science and Technology,No,10.1016/0377-8401(86)90110-0,NA,Livestock Update 2022
HK0107,Otaru,2011,Small Ruminant Research,No,10.1016/j.smallrumres.2010.11.004,NA,Livestock Update 2022
HK0108,Otukoya,2008,Journal of Food Agriculture & Environment,No,NA,https://pubag.nal.usda.gov/catalog/732199,Livestock Update 2022
HK0118,Sogbesan,2008,Turkish Journal of Fisheries and Aquatic Sciences,No,NA,https://www.researchgate.net/publication/242599458_Nutritional_Evaluation_of_Termite_Macrotermes_subhyalinus_Meal_as_Animal_Protein_Supplements_in_the_Diets_of_Heterobranchus_longifilis_Valenciennes_1840_Fingerlings,Livestock Update 2022
HK0129,Yaakugh,1994,Journal of the Science of Food and Agriculture,No,10.1002/jsfa.2740660407,NA,Livestock Update 2022
HK0138,Alhassan,1991,Animal Feed Science and Technology,No,10.1016/0377-8401(91)90067-3,NA,Livestock Update 2022
HK0143,Adeloye,1995,Bioresource Technology,No,10.1016/0960-8524(94)00145-q,NA,Livestock Update 2022
HK0154,Balogun,1995,Tropical Grasslands,No,NA,https://www.tropicalgrasslands.info/public/journals/4/Historic/Tropical%20Grasslands%20Journal%20archive/PDFs/Vol_29_1995/Vol_29_03_95_pp150_154.pdf,Livestock Update 2022
HK0158,Etela,2007,Renewable Agriculture and Food Sytems,Yes,10.1017/S1742170507001779,NA,Livestock Update 2022
HK0160,Fagbenro,1991,Bioresource Technology,No,10.1016/0960-8524(91)90183-k,NA,Livestock Update 2022
HK0171,Malau-Aduli,2004,Reproduction Nutrition Development,No,10.1051/rnd:2004022,NA,Livestock Update 2022
HK0177,Nworgu,2007,African Journal of Biotechnology,No,https://www.ajol.info/index.php/ajb/article/view/56125/44573,NA,Livestock Update 2022
HK0182,Oni,2010,Livestock Science,No,10.1016/j.livsci.2009.12.007,NA,Livestock Update 2022
HK0210,Mataka,2007,Aquaculture Research,No,10.1111/j.1365-2109.2007.01754.x,NA,Livestock Update 2022
HK0228,Nyina-wamwiza,2007,Aquaculture Research,No,10.1111/j.1365-2109.2007.01658.x,NA,Livestock Update 2022
HK0250,Smith,1991,Tropical Animal Health and Production,No,10.1007/bf02361192,NA,Livestock Update 2022
HK0260,Undi,2001,Small Ruminant Research,No,10.1016/s0921-4488(01)00175-4,NA,Livestock Update 2022
HK0263,Barnes,1991,Journal of the Grassland Society of Southern Africa,No,10.1080/02566702.1991.9648285,NA,Livestock Update 2022
HK0270,Garwe,2005,Veterinary Record,No,10.1136/vr.156.1.18,NA,Livestock Update 2022
HK0284,Mushandu,2005,Animal Feed Science and Technology,No,10.1016/j.anifeedsci.2005.02.033,NA,Livestock Update 2022
HK0287,Ngongoni,2007,Tropical Animal Health and Production,No,10.1007/s11250-007-9018-0,NA,Livestock Update 2022
HK0288,Ngongoni,2008,Tropical Grasslands,No,NA,https://www.tropicalgrasslands.info/public/journals/4/Historic/Tropical%20Grasslands%20Journal%20archive/PDFs/Vol_42_2008/Vol42_03_2008_pp188_192.pdf,Livestock Update 2022
HK0319,Mnisi,2017,South African Journal of Animal Science,No,10.4314/sajas.v47i5.9,NA,Livestock Update 2022
HK0324,Khanyile,2017,Animal Production Science,No,10.1071/AN15182,NA,Livestock Update 2022
HK0326,Ncobela,2018,Tropical Animal Health and Production,No,10.1007/s11250-017-1410-9,NA,Livestock Update 2022
HK0327.1,Muller,2014,South African Journal of Animal Science,No,10.4314/sajas.v44i3.9,NA,Livestock Update 2022
HK0327.2,Muller,2014,South African Journal of Animal Science,No,10.4314/sajas.v44i3.9,NA,Livestock Update 2022
HK0327.3,Muller,2014,South African Journal of Animal Science,No,10.4314/sajas.v44i3.9,NA,Livestock Update 2022
HK0328,Khanyile,2014,Livestock Science,No,10.1016/j.livsci.2014.04.016,NA,Livestock Update 2022
HK0329,Nkosi,2016,South African Journal of Animal Science,No,10.4314/sajas.v46i1.5,NA,Livestock Update 2022
HK0330,Ndou,2015,Livestock Science,No,10.1016/j.livsci.2015.10.003,NA,Livestock Update 2022
HK0331,Hlophe,2014,African Journal of Aquatic Science,No,10.2989/16085914.2014.958049,NA,Livestock Update 2022
HK0333,Nkukwana,2014,Food Chemistry,No,10.1016/j.foodchem.2013.07.059,NA,Livestock Update 2022
HK0337,Hozza,2013,Tropical Animal Health and Production,No,10.1007/s11250-013-0436-x,NA,Livestock Update 2022
HK0340,Hamdi,2016,Small Ruminant Research,No,10.1016/j.smallrumres.2016.10.028,NA,Livestock Update 2022
HK0342,Nalubwama,2016,Tropical Animal Health and Production,No,10.1007/s11250-016-1123-5,NA,Livestock Update 2022
HK0346,Nampanzira,2017,Small Ruminant Research,No,10.1016/j.smallrumres.2017.06.014,NA,Livestock Update 2022
HK0350,Madzimure,2014,Tropical Animal Health and Production,No,10.1007/s11250-014-0578-5,NA,Livestock Update 2022
JS0046,Ouedraogo-Kone,2009,Tropical Animal Health and Production,No,10.1007/s11250-009-9307-x,NA,Livestock Update 2022
JS0047,Pousga,2007,African Journal of Agricultural Research,No,NA,https://www.researchgate.net/profile/Jan-Lindberg/publication/237403845_Effect_of_supplements_based_on_fishmeal_or_cottonseed_cake_and_management_system_on_the_performance_and_economic_efficiency_of_exotic_hens_in_Burkina_Faso/links/02e7e5278bcbca1a61000000/Effect-of-supplements-based-on-fishmeal-or-cottonseed-cake-and-management-system-on-the-performance-and-economic-efficiency-of-exotic-hens-in-Burkina-Faso.pdf,Livestock Update 2022
JS0048,Sanon,2008,Livestock Science,No,10.1016/j.livsci.2007.12.011,NA,Livestock Update 2022
JS0060,Akinbamijo,2003,Livestock Production Science,No,10.1016/S0301-6226(02)00175-6,NA,Livestock Update 2022
JS0063,Little,1991,Tropical Animal Health and Production,No,10.1007/bf02361198,NA,Livestock Update 2022
JS0076,Atuahene,2002,Journal of Animal and Feed Sciences,No,10.22358/jafs/67816/2002,NA,Livestock Update 2022
JS0079.1,Donkoh,2001,Journal of Animal and Feed Sciences,No,10.22358/jafs/67953/2001,NA,Livestock Update 2022
JS0079.2,Donkoh,2001,Journal of Animal and Feed Sciences,No,10.22358/jafs/67953/2001,NA,Livestock Update 2022
JS0080,Donkoh,1999,Animal Feed Science and Technology,No,10.1016/s0377-8401(99)00069-3,NA,Livestock Update 2022
JS0081,Donkoh,2010,African Journal of Agricultural Science,Yes,NA,https://academicjournals.org/journal/AJAR/article-full-text-pdf/CB04FA438461,Livestock Update 2022
JS0093,Osei,1987,Poultry Science,No,10.3382/ps.0661870,NA,Livestock Update 2022
JS0094.1,Rhule,1999,Tropical Animal Health and Production,No,10.1023/a:;1005181401254,NA,Livestock Update 2022
JS0094.2,Rhule,1999,Tropical Animal Health and Production,No,10.1023/a:;1005181401254,NA,Livestock Update 2022
JS0095,Torto,1997,Tropical Animal Health and Production,No,10.1007/bf02633020,NA,Livestock Update 2022
JS0112,Essa,2011,Aquaculture,No,10.1016/j.aquaculture.2011.08.015,NA,Livestock Update 2022
JS0115,Shetaewi,2001,Tropical Animal Health and Production,No,10.1023/a:;1010337628292,NA,Livestock Update 2022
JS0118,Abd El-Rahman,2011,African Journal of Biotechnology,No,10.5897/AJB11.1595,NA,Livestock Update 2022
JS0119,El-Rahman,2012,Life Science Journal,No,NA,http://www.lifesciencesite.com/lsj/life0904/334_11751life0904_2250_2255.pdf,Livestock Update 2022
JS0123,Abdel-Shafy,2011,Tropical Animal Health and Production,No,10.1007/s11250-010-9696-x,NA,Livestock Update 2022
JS0124,Abdel-Tawwab,2009,Aquaculture Research,No,10.1111/j.1365-2109.2009.02195.x,NA,Livestock Update 2022
JS0125,Abdel-Warith,2001,Aquaculture Research,No,10.1046/j.1355-557x.2001.00053.x,NA,Livestock Update 2022
JS0134,El-Saidy,2011,Aquaculture Nutrition,No,10.1111/j.1365-2095.2010.00810.x,NA,Livestock Update 2022
JS0135,El-Saidy,2011,Aquaculture Research,No,10.1111/j.1365-2109.2010.02629.x,NA,Livestock Update 2022
JS0137,El-Sayed,2003,Aquaculture,No,10.1016/s0044-8486(02)00252-1,NA,Livestock Update 2022
JS0139,Omar,1996,Journal of Animal Physiology and Animal Nutrition,No,10.1111/j.1439-0396.1996.tb00682.x,NA,Livestock Update 2022
JS0140,Omer,2010,Tropical Animal Health and Production,No,10.1007/s11250-010-9548-8,NA,Livestock Update 2022
JS0147,Ahmed,2000,Journal of Animal and Feed Sciences,No,10.22358/jafs/68032/2000,NA,Livestock Update 2022
JS0167,Talib,2008,Journal of Animal and Veterinary Advances,No,NA,https://medwelljournals.com/abstract/?doi=javaa.2008.1467.1473,Livestock Update 2022
JS0172,Goromela,1997,Livestock Production Science,No,10.1016/s0301-6226(96)01399-1,NA,Livestock Update 2022
JS0176,Kakengi,2001,Agroforestry Systems,No,10.1023/a:;1010642531865,NA,Livestock Update 2022
JS0177,Karachi,1998,Agroforestry Systems,No,10.1023/a:;1005859617603,NA,Livestock Update 2022
JS0192,Mtenga,1990,Small Ruminant Research,No,10.1016/0921-4488(90)90026-3,NA,Livestock Update 2022
JS0193,Mushi,2009,Livestock Science,No,10.1016/j.livsci.2009.01.012,NA,Livestock Update 2022
JS0196,Ndemanisho,2006,Agroforestry Systems,No,10.1007/s10457-005-2648-1,NA,Livestock Update 2022
JS0197,Ndemanisho,1998,Animal Feed Science and Technology,No,10.1016/s0377-8401(98)00139-4,NA,Livestock Update 2022
JS0201.1,Plaizier,1999,Asian-Australasian Journal of Animal Sciences,No,10.5713/ajas.1999.735,NA,Livestock Update 2022
JS0201.2,Plaizier,1999,Asian-Australasian Journal of Animal Sciences,No,10.5713/ajas.1999.735,NA,Livestock Update 2022
JS0205,Rubanza,2005,Agroforestry Systems,No,10.1007/s10457-005-0503-z,NA,Livestock Update 2022
JS0206,Rubanza,2007,Small Ruminant Research,No,10.1016/j.smallrumres.2006.02.008,NA,Livestock Update 2022
JS0207,Safari,2011,Tropical Animal Health and Production,No,10.1007/s11250-010-9658-3,NA,Livestock Update 2022
JS0208,Safari,2011,Livestock Science,No,10.1016/j.livsci.2010.07.003,NA,Livestock Update 2022
JS0209,Sarwatt,1990,Animal Feed Science and Technology,No,10.1016/0377-8401(90)90067-i,NA,Livestock Update 2022
JS0210.1,Sarwatt,1992,Small Ruminant Research,No,10.1016/0921-4488(92)90063-a,NA,Livestock Update 2022
JS0210.2,Sarwatt,1992,Small Ruminant Research,No,10.1016/0921-4488(92)90063-a,NA,Livestock Update 2022
JS0211,Sarwatt,2002,Agroforestry Systems,No,NA,https://link.springer.com/content/pdf/10.1023/A:1021396629613.pdf?pdf=button%20sticky,Livestock Update 2022
JS0213.1,Shayo,1997,Tropical Grasslands,No,NA,https://www.researchgate.net/publication/286951563_Comparison_of_water_melon_Citrullus_vulgaris-seed_meal_Acacia_tortilis_pods_and_sunflower-seed_cake_supplements_in_central_Tanzania_2_Effect_on_hay_intake_and_milk_yield_and_composition_of_Mpwapwa_cow,Livestock Update 2022
JS0214,Shem,2003,Agroforestry Systems,No,10.1023/a:;1025454425048,NA,Livestock Update 2022
JS0215.1,Shem,2003,Animal Feed Science and Technology,No,10.1016/S0377-8401(03)00167-6,NA,Livestock Update 2022
JS0215.2,Shem,2003,Animal Feed Science and Technology,No,10.1016/S0377-8401(03)00167-6,NA,Livestock Update 2022
JS0226,Aganga,2000,Asian-Australasian Journal of Animal Sciences,No,10.5713/ajas.2000.1127,NA,Livestock Update 2022
JS0230,Aganga,1999,Tropical Animal Health and Production,No,10.1023/a:;1005203806867,NA,Livestock Update 2022
JS0231,Madibela,2002,South African Journal of Animal Science,No, 10.4314/sajas.v32i1.3786,NA,Livestock Update 2022
JS0232,Rennie,1977,Tropical Animal Health and Production,No,10.1007/bf02297380,NA,Livestock Update 2022
JS0243,Alemu,2010,Tropical Animal Health and Production,No,10.1007/s11250-009-9466-9,NA,Livestock Update 2022
JS0249,Asmare,2010,Tropical Animal Health and Production,No,10.1007/s11250-010-9591-5,NA,Livestock Update 2022
JS0261,Betsha,2009,Tropical Animal Health and Production,No,10.1007/s11250-008-9281-8,NA,Livestock Update 2022
JS0262,Bishaw,2008,Tropical Animal Health and Production,No,10.1007/s11250-008-9138-1,NA,Livestock Update 2022
JS0263,Bonsi,1994,Animal Science,No,10.1017/S0003356100007728,NA,Livestock Update 2022
JS0265,Bonsi,1995,Agroforestry Systems,No,10.1007/bf00712077,NA,Livestock Update 2022
JS0269.1,Coppock,1992,Journal of Range Management,No,10.2307/4002969,NA,Livestock Update 2022
JS0269.2,Coppock,1992,Journal of Range Management,No,10.2307/4002969,NA,Livestock Update 2022
JS0270,Coppock,1999,Journal of Range Management Archives,Yes,10.2307/4003682,NA,Livestock Update 2022
JS0271,Dana,2000,Livestock Production Science,No,10.1016/S0301-6226(00)00154-8,NA,Livestock Update 2022
JS0272,Degu,2009,Animal Feed Science and Technology,No,10.1016/j.anifeedsci.2008.03.014,NA,Livestock Update 2022
JS0273,Dessie,2010,Tropical Animal Health and Production,No,10.1007/s11250-009-9496-3,NA,Livestock Update 2022
JS0276,Gebregiorgis,2012,Tropical Animal Health and Production,No,10.1007/s11250-011-9927-9,NA,Livestock Update 2022
JS0281,Getachew,1994,Animal Feed Science and Technology,No,10.1016/0377-8401(94)90068-x,NA,Livestock Update 2022
JS0285,Hagos,2009,Tropical Animal Health and Production,No,10.1007/s11250-008-9230-6,NA,Livestock Update 2022
JS0289.1,Kaitho,1998,Livestock Production Science,No,10.1016/s0301-6226(97)00152-8,NA,Livestock Update 2022
JS0289.2,Kaitho,1998,Livestock Production Science,No,10.1016/s0301-6226(97)00152-8,NA,Livestock Update 2022
JS0290,Kaitho,1998,Agroforestry Systems,No,10.1023/a:;1005952801489,NA,Livestock Update 2022
JS0291,Kaitho,1998,Animal Feed Science and Technology,No,10.1016/s0377-8401(97)00159-4,NA,Livestock Update 2022
JS0292,Abatan,2015,Tropical Animal Health and Production,No,10.1007/s11250-014-0695-1,NA,Livestock Update 2022
JS0293,Diba,2015,Tropical Animal Health and Production,No,10.1007/s11250-014-0725-z,NA,Livestock Update 2022
JS0295,Abdel-Tawwab,2015,Aquaculture,No,10.1016/j.aquaculture.2015.06.010,NA,Livestock Update 2022
JS0296,Abdel-Warith,2014,Indian Journal of Fisheries,No,NA,https://faculty.ksu.edu.sa/sites/default/files/indian_journal_of_fisheries_0.pdf,Livestock Update 2022
JS0299,Donaldson,2015,Journal of Animal Physiology and Animal Nutrition,No,10.1111/jpn.12250,NA,Livestock Update 2022
JS0301,Mekuriaw,2018,Agriculture and Food Security,Yes,10.1186/s40066-018-0182-4,NA,Livestock Update 2022
JS0305,Abo-Zeid,2017,Animal Feed Science and Technology,No,10.1016/j.anifeedsci.2017.09.011,NA,Livestock Update 2022
JS0306,Acheampong-Boateng,2017,Tropical Animal Health and Production,No,10.1007/s11250-017-1250-7,NA,Livestock Update 2022
JS0309,Adomako,2014,British Poultry Science,No,10.1080/00071668.2014.960805,NA,Livestock Update 2022
JS0311,Agbor,2013,Tropical Animal Health and Production,No,10.1007/s11250-012-0327-6,NA,Livestock Update 2022
JS0314,Ahmed,2015,Small Ruminant Research,No,10.1016/j.smallrumres.2015.05.004,NA,Livestock Update 2022
JS0316,Bekele,2013,Tropical Animal Health and Production,No,10.1007/s11250-013-0413-4,NA,Livestock Update 2022
JS0324.1,Bwire,2004,Livestock Production Science,No,10.1016/j.livprodsci.2003.07.010,NA,Livestock Update 2022
JS0324.2,Bwire,2004,Livestock Production Science,No,10.1016/j.livprodsci.2003.07.010,NA,Livestock Update 2022
JS0326,Pelster,2016,Journal of Environmental Quality,No,10.2134/jeq2016.02.0050,NA,Livestock Update 2022
JS0340,Oke,2017,Journal of Animal Physiology and Animal Nutrition,No,10.1111/jpn.12597,NA,Livestock Update 2022
JS0341,Oke,2015,Journal of Animal Physiology and Animal Nutrition,No,10.1111/jpn.12353,NA,Livestock Update 2022
JS0342,Okoro,2017,Chilean Journal of Agricultural Research,No,10.4067/S0718-58392017000400365,NA,Livestock Update 2022
JS0343,Olafadehan,2013,Animal Feed Science and Technology,No,10.1016/j.anifeedsci.2013.05.014,NA,Livestock Update 2022
JS0344,Olafadehan,2014,Tropical Animal Health and Production,No,10.1007/s11250-014-0590-9,NA,Livestock Update 2022
JS0345,Selemani,2016,Tropical Animal Health and Production,No,10.1007/s11250-015-0935-z,NA,Livestock Update 2022
JS0349,Smeti,2015,Tropical Animal Health and Production,No,10.1007/s11250-014-0721-3,NA,Livestock Update 2022
JS0350,Smeti,2015,Animal Science Journal,No,10.1111/asj.12352,NA,Livestock Update 2022
JS0370,El-Sheekh,2014,Turkish Journal of Fisheries and Aquatic Sciences,No,10.4194/1303-2712-v14_2_18,NA,Livestock Update 2022
JS0371,Nesseim,2015,Tropical Animal Health and Production,No,10.1007/s11250-015-0897-1,NA,Livestock Update 2022
JS0374,Habtemicael,2014,African Journal of Ecology,No,10.1111/aje.12185,NA,Livestock Update 2022
JS0393,de Waal,1981,South African Journal of Animal Science,No,NA,https://www.ajol.info/index.php/sajas/article/view/139681/129383,Livestock Update 2022
JS0418,Ngodigha,1994,Journal of Applied Animal Research,No,10.1080/09712119.1994.9706031,NA,Livestock Update 2022
JS0419,Ben Salem,2004,Small Ruminant Research,No,10.1016/S0921-4488(03)00186-X,NA,Livestock Update 2022
JS0421,Brand,1997,Small Ruminant Research,No,10.1016/s0921-4488(96)00998-4,NA,Livestock Update 2022
JS0423,Nwanna,2009,Scienceasia,No,10.2306/scienceasia1513-1874.2009.35.227,NA,Livestock Update 2022
JS0424,Kato,2013,Livestock Research for Rural Development,No,NA,https://www.researchgate.net/profile/Fred-Kabi/publication/237085419_Effect_of_supplementary_protein_source_on_the_performance_of_indigenous_meat_goats_fed_Guinea_grass_hay/links/00b7d51f3934756a06000000/Effect-of-supplementary-protein-source-on-the-performance-of-indigenous-meat-goats-fed-Guinea-grass-hay.pdf,Livestock Update 2022
LM0016,Fombad,2004,Tropical Animal Health and Production,No,10.1023/b:;trop.0000016828.48326.59,NA,Livestock Update 2022
LM0018,Ngwa,2002,Tropical Animal Health and Production,No,10.1023/a:1013789929102,NA,Livestock Update 2022
LM0019,Njoya,1997,Tropical Animal Health and Production,No,10.1007/bf02632304,NA,Livestock Update 2022
LM0020,Njoya,2005,Small Ruminant Research,No,10.1016/S0921-4488(03)00010-5,NA,Livestock Update 2022
LM0024.1,Pamo,2006,Small Ruminant Research,No,10.1016/j.smallrumres.2005.05.023,NA,Livestock Update 2022
LM0024.2,Pamo,2006,Small Ruminant Research,No,10.1016/j.smallrumres.2005.02.011,NA,Livestock Update 2022
LM0047,Ikurior,1988,Journal of the Science of Food and Agriculture,No,10.1002/jsfa.2740440102,NA,Livestock Update 2022
LM0048,Ikurior,1993,Journal of the Science of Food and Agriculture,No,10.1002/jsfa.2740610304,NA,Livestock Update 2022
LM0100,Njidda,2010,Pakistan Veterinary Journal,No,NA,http://www.pvj.com.pk/pdf-files/30_1/7-12.pdf?q=the-science-of-alli,Livestock Update 2022
LM0101,Mubi,2008,Asian Journal of Animal and Veterinary Advances,No, 10.3923/ajava.2008.183.186,NA,Livestock Update 2022
LM0103,London,1997,Animal Feed Science and Technology,No,10.1016/s0377-8401(96)01138-8,NA,Livestock Update 2022
LM0104,Kibon,1993,Tropical Animal Health and Production,No,10.1007/bf02236887,NA,Livestock Update 2022
LM0113.1,Brand,2001,New Zealand Journal of Agricultural Research,No,10.1080/00288233.2001.9513459,NA,Livestock Update 2022
LM0113.2,Brand,2001,New Zealand Journal of Agricultural Research,No,10.1080/00288233.2001.9513459,NA,Livestock Update 2022
LM0114,Brand,1991,South African Journal of Animal Science-Suid-Afrikaanse Tydskrif Vir Veekunde,No,NA,https://www.ajol.info/index.php/sajas/article/view/138698,Livestock Update 2022
LM0115,Chipa,2010,South African Journal of Animal Science,No,NA,https://www.ajol.info/index.php/sajas/article/view/95816,Livestock Update 2022
LM0116,Cronje,1990,South African Journal of Animal Science,No,NA,https://www.ajol.info/index.php/sajas/article/view/138885/128556,Livestock Update 2022
LM0117.1,Figueiredo,1994,Journal of the Science of Food and Agriculture,No,10.1002/jsfa.2740660205,NA,Livestock Update 2022
LM0117.2,Figueiredo,1994,Journal of the Science of Food and Agriculture,No,10.1002/jsfa.2740660205,NA,Livestock Update 2022
LM0117.3,Figueiredo,1994,Journal of the Science of Food and Agriculture,No,10.1002/jsfa.2740660205,NA,Livestock Update 2022
LM0120,Hlophe,2011,Asian Journal of Animal and Veterinary Advances,No,10.3923/ajava.2011.1001.1009,NA,Livestock Update 2022
LM0121,Hlophe,2011,Asian Journal of Animal and Veterinary Advances,No,10.3923/ajava.2011.1076.1083,NA,Livestock Update 2022
LM0122,Hoffman,1997,Water Sa,No,NA,https://www.wrc.org.za/wp-content/uploads/mdocs/WaterSA_1997_02_1009.PDF,Livestock Update 2022
LM0123,Lehmann,2006,South African Journal of Animal Science,No,NA,https://www.researchgate.net/publication/277851773_Substituting_maize_grain_with_barley_grain_in_concentrates_fed_to_Jersey_cows_grazing_kikuyu-ryegrass_pasture,Livestock Update 2022
LM0124,Malleson,2008,South African Journal of Animal Science,No,NA,http://www.scielo.org.za/scielo.php?script=sci_arttext&pid=S0375-15892008000400006,Livestock Update 2022
LM0125,Malleson,2009,Tropical Grasslands,No,NA,https://repository.up.ac.za/handle/2263/14350,Livestock Update 2022
LM0126,Mapiye,2009,Livestock Science,No,10.1016/j.livsci.2009.07.001,NA,Livestock Update 2022
LM0127,Meeske,2006,South African Journal of Animal Science,No,10.4314/sajas.v36i2.3992,NA,Livestock Update 2022
LM0128,Mohlapo,2009,Tropical Animal Health and Production,No,10.1007/s11250-009-9351-6,NA,Livestock Update 2022
LM0129,Pieterse,2000,South African Journal of Animal Science,No,10.4314/sajas.v30i1.3878,NA,Livestock Update 2022
LM0136.1,Pieterse,2000,South African Journal of Animal Science,No,10.4314/sajas.v30i1.3877,NA,Livestock Update 2022
LM0136.2,Pieterse,2000,South African Journal of Animal Science,No,10.4314/sajas.v30i1.3877,NA,Livestock Update 2022
LM0138,Abiola,2012,Archivos de Zootecnia,No,NA,https://dialnet.unirioja.es/servlet/articulo?codigo=5115003,Livestock Update 2022
LM0139,Einkamerer,2009,South African Journal of Animal Science,No,10.4314/sajas.v39i1.61178,NA,Livestock Update 2022
LM0150,Abdulrazak,1996,Animal Science,No,10.1017/S1357729800015265,NA,Livestock Update 2022
LM0151.1,Abdulrazak,1997,Livestock Production Science,No,10.1016/s0301-6226(97)00018-3,NA,Livestock Update 2022
LM0151.2,Abdulrazak,1997,Livestock Production Science,No,10.1016/s0301-6226(97)00018-3,NA,Livestock Update 2022
LM0163,Kahindi,2007,Small Ruminant Research,No,10.1016/j.smallrumres.2005.12.008,NA,Livestock Update 2022
LM0164,Kariuki,1999,Livestock Production Science,No,10.1016/s0301-6226(99)00035-4,NA,Livestock Update 2022
LM0227.1,Muia,2000,Livestock Production Science,No,10.1016/s0301-6226(00)00192-5,NA,Livestock Update 2022
LM0227.2,Muia,2000,Livestock Production Science,No,10.1016/s0301-6226(00)00192-5,NA,Livestock Update 2022
LM0228.1,Muinga,1993,Tropical Animal Health and Production,No,10.1007/bf02236519,NA,Livestock Update 2022
LM0228.2,Muinga,1993,Tropical Animal Health and Production,No,10.1007/bf02236519,NA,Livestock Update 2022
LM0229,Muinga,1995,Animal Science,No,10.1017/S1357729800008080,NA,Livestock Update 2022
LM0238,Nyambati,2003,Livestock Production Science,No,10.1016/S0301-6226(03)00094-0,NA,Livestock Update 2022
LM0248,Ondiek,1999,Livestock Production Science,No,10.1016/s0301-6226(99)00004-4,NA,Livestock Update 2022
LM0260,Paterson,1999,Tropical Animal Health and Production,No,10.1023/a:;1005119808090,NA,Livestock Update 2022
LM0261,Paterson,2000,Tropical Animal Health and Production,No,10.1023/a:;1005293019581,NA,Livestock Update 2022
LM0266,Sawe,1998,Small Ruminant Research,No,10.1016/s0921-4488(97)00059-x,NA,Livestock Update 2022
LM0277.1,Nambi,1992,Animal Feed Science and Technology,No,10.1016/0377-8401(92)90123-n,NA,Livestock Update 2022
LM0280,Ondiek,2000,Asian-Australasian Journal of Animal Sciences,No,10.5713/ajas.2000.1249,NA,Livestock Update 2022
LM0289,Sanon,2013,Tropical Animal Health and Production,No,10.1007/s11250-012-0275-1,NA,Livestock Update 2022
LM0294,Ojong,2017,Italian Journal of Animal Science,No,10.1080/1828051X.2017.1326855,NA,Livestock Update 2022
LM0295,Yasin,2014,Tropical Animal Health and Production,No,10.1007/s11250-014-0615-4,NA,Livestock Update 2022
LM0297,Tesfay,2012,Tropical Animal Health and Production,No,10.1007/s11250-012-0227-9,NA,Livestock Update 2022
LM0298,Tefera,2015,Tropical Animal Health and Production,No,10.1007/s11250-015-0901-9,NA,Livestock Update 2022
LM0299,Tsegay,2013,Small Ruminant Research,No,10.1016/j.smallrumres.2013.07.003,NA,Livestock Update 2022
LM0310,Sharawy,2016,Animal Feed Science and Technology,No,10.1016/j.anifeedsci.2015.12.009,NA,Livestock Update 2022
LM0311,Soltan,2017,Animal Feed Science and Technology,No,10.1016/j.anifeedsci.2017.11.021,NA,Livestock Update 2022
LM0312,Suloma,2013,Aquaculture International,No,10.1007/s10499-012-9559-8,NA,Livestock Update 2022
LM0315,Olude,2016,Animal Nutrition,No,10.1016/j.aninu.2016.09.001,NA,Livestock Update 2022
LM0320,Ugwuowo,2017,Journal of Animal and Plant Sciences,No,NA,http://www.thejaps.org.pk/docs/v-27-03/02.pdf,Livestock Update 2022
LM0322,Yusuf,2018,South African Journal of Animal Science,No,10.4314/sajas.v48i1.10,NA,Livestock Update 2022
LM0329,Mpanza,2015,Tropical Animal Health and Production,No,10.1007/s11250-015-0876-6,NA,Livestock Update 2022
LM0334,Samkelisiwe,2014,Turkish Journal of Fisheries and Aquatic Sciences,No,10.4194/1303-2712-v14_3_22,NA,Livestock Update 2022
LM0335,Sebola,2015,Livestock Science,No,10.1016/j.livsci.2015.04.019,NA,Livestock Update 2022
LM0336,Sekali,2016,Tropical Animal Health and Production,No,10.1007/s11250-016-1058-x,NA,Livestock Update 2022
LM0339,van de Vyer,2013,South African Journal of Animal Science,No,10.4314/sajas.v43i5.21,NA,Livestock Update 2022
LM0347,Masaka,2015,Tropical Animal Health and Production,No,10.1007/s11250-015-0827-2,NA,Livestock Update 2022
LM0349,Gusha,2015,Small Ruminant Research,No,10.1016/j.smallrumres.2015.02.018,NA,Livestock Update 2022
LM0351,Gusha,2015,Animal Feed Science and Technology,No,10.1016/j.anifeedsci.2015.04.017,NA,Livestock Update 2022
LM0354,Solomon,2017,Journal of Nutrition and Metabolism,No,10.1155/2017/8936060,NA,Livestock Update 2022
NJ0003,Abdel-Tawwab,2018,Fish & Shellfish Immunology,No,10.1016/j.fsi.2018.04.057,NA,Livestock Update 2022
NJ0008,Asmare,2016,Tropical Animal Health and Production,No,10.1007/s11250-016-1031-8,NA,Livestock Update 2022
NJ0013,Ayeb,2016,Animal Production Science,No,10.1071/AN14879,NA,Livestock Update 2022
NJ0016,Gusha,2017,Animal Production Science,No,10.1071/AN15900,NA,Livestock Update 2022
NJ0025,Gusha,2015,Journal of Animal Physiology and Animal Nutrition,No,10.1111/jpn.12303,NA,Livestock Update 2022
NJ0027,Disetlhe,2018,Poultry Science,No,10.3382/ps/pey047,NA,Livestock Update 2022
NJ0032,Hintsa,2018,Tropical Animal Health and Production,No,10.1007/s11250-018-1577-8,NA,Livestock Update 2022
NJ0044,Negewo,2018,Tropical Animal Health and Production,No,10.1007/s11250-018-1544-4,NA,Livestock Update 2022
NJ0047,Jiwuba,2018,Tropical Animal Health and Production,No,10.1007/s11250-018-1559-x,NA,Livestock Update 2022
NJ0052,Kanengoni,2014,Journal of Animal Science,Yes,10.2527/jas.2014-8067,NA,Livestock Update 2022
NN0005,Araba,2002,Livestock Production Science,No,10.1016/s0301-6226(02)00029-5,NA,Livestock Update 2022
NN0007,Chriyaa,1997,Animal Feed Science and Technology,No,10.1016/s0377-8401(96)01132-7,NA,Livestock Update 2022
NN0021,Abdou,2011,Animal Feed Science and Technology,No,10.1016/j.anifeedsci.2011.07.002,NA,Livestock Update 2022
NN0034,Djibrillou,1998,Livestock Production Science,No,10.1016/s0301-6226(98)00130-4,NA,Livestock Update 2022
NN0061,Sangare,2003,Tropical Animal Health and Production,No,10.1023/a:;1025875714804,NA,Livestock Update 2022
NN0083,Abidi,2009,Small Ruminant Research,No,10.1016/j.smallrumres.2009.09.004,NA,Livestock Update 2022
NN0098,Saidi,2010,Aquaculture Research,No,10.1111/j.1365-2109.2010.02594.x,NA,Livestock Update 2022
NN0107.1,Etela,2008,Tropical Animal Health and Production,No,10.1007/s11250-007-9070-9,NA,Livestock Update 2022
NN0107.2,Etela,2008,Tropical Animal Health and Production,No,10.1007/s11250-007-9070-9,NA,Livestock Update 2022
NN0108,Ezieshi,2008,African Journal of Biotechnology,No,10.5897/AJB07.600,NA,Livestock Update 2022
NN0110.2,Fagbenro,1999,Aquaculture,No,10.1016/s0044-8486(98)00409-8,NA,Livestock Update 2022
NN0112,Fagbenro,2004,Aquaculture Research,No,10.1111/j.1365-2109.2004.01070.x,NA,Livestock Update 2022
NN0115,Fagbenro,2001,Journal of Applied Ichthyology,No,10.1046/j.1439-0426.2001.00252.x,NA,Livestock Update 2022
NN0117,Falaye,2011,Israeli Journal of Aquaculture-Bamidgeh,No,NA,https://evols.library.manoa.hawaii.edu/handle/10524/36301,Livestock Update 2022
NN0118,Fasakin,1999,Aquaculture Research,No,10.1046/j.1365-2109.1999.00318.x,NA,Livestock Update 2022
NN0119.2,Fasuyi,2007,African Journal of Biotechnology,No,NA,https://www.ajol.info/index.php/ajb/article/view/57100,Livestock Update 2022
NN0135,Adesehinwa,2011,African Journal of Biotechnology,No,10.5897/AJB10.967,NA,Livestock Update 2022
NN0154,Brand,1999,New Zealand Journal of Agricultural Research,No,10.1080/00288233.1999.9513396,NA,Livestock Update 2022
NN0155,Brand,1995,Animal Feed Science and Technology,No,10.1016/0377-8401(94)00748-x,NA,Livestock Update 2022
NN0179,Ngwa,2002,Livestock Production Science,No,10.1016/s0301-6226(02)00035-0,NA,Livestock Update 2022
NN0180.1,Nkosi,2010,South African Journal of Animal Science,No,10.4314/sajas.v40i2.57283,NA,Livestock Update 2022
NN0180.2,Nkosi,2010,Journal of Animal and Veterinary Advances,No,10.4314/sajas.v40i2.57283,NA,Livestock Update 2022
NN0189,Koralagama,2008,Animal,No,10.1017/s1751731108001912,NA,Livestock Update 2022
NN0197,Melaku,2003,Animal Feed Science and Technology,No,10.1016/j.anifeedsci.2003.11.003,NA,Livestock Update 2022
NN0198,Melesse,2013,Livestock Science,No,10.1016/j.livsci.2013.08.012,NA,Livestock Update 2022
NN0200,Nega,2009,Tropical Animal Health and Production,No,10.1007/s11250-008-9215-5,NA,Livestock Update 2022
NN0202,Bonsi,1996,Animal Feed Science and Technology,No,10.1016/s0377-8401(96)01048-6,NA,Livestock Update 2022
NN0203,Nurfeta,2010,Tropical Animal Health and Production,No,10.1007/s11250-009-9491-8,NA,Livestock Update 2022
NN0204,Nurfeta,2009,Livestock Science,No,10.1016/j.livsci.2008.08.005,NA,Livestock Update 2022
NN0207.1,Osafo,1997,Animal Science,No,10.1017/S1357729800016295,NA,Livestock Update 2022
NN0207.2,Osafo,1997,Animal Science,No,10.1017/S1357729800016295,NA,Livestock Update 2022
NN0211,Solomon,2008,Livestock Science,No,10.1016/j.livsci.2008.03.011,NA,Livestock Update 2022
NN0212,Tafa,2010,Tropical Animal Health and Production,No,10.1007/s11250-009-9475-8,NA,Livestock Update 2022
NN0214,Tanner,1990,Animal Production,No,10.1017/S0003356100005225,NA,Livestock Update 2022
NN0216,Tegegne,1994,Journal of Agricultural Science,No,10.1017/S0021859600068544,NA,Livestock Update 2022
NN0217,Tegegne,2007,Small Ruminant Research,No,10.1016/j.smallrumres.2006.10.004,NA,Livestock Update 2022
NN0223,Tilahun,2014,Tropical Animal Health and Production,No,10.1007/s11250-013-0532-y,NA,Livestock Update 2022
NN0224,Tolera,2000,Animal Feed Science and Technology,No,10.1016/s0377-8401(00)00135-8,NA,Livestock Update 2022
NN0227,Umunna,1997,Journal of Applied Animal Research,No,10.1080/09712119.1997.9706177,NA,Livestock Update 2022
NN0229,Wallie,2012,Small Ruminant Research,No,10.1016/j.smallrumres.2011.07.014,NA,Livestock Update 2022
NN0233,Yayneshet,2008,Livestock Science,No,10.1016/j.livsci.2008.02.007,NA,Livestock Update 2022
NN0234,Yeheyis,2012,Tropical Animal Health and Production,No,10.1007/s11250-011-0066-0,NA,Livestock Update 2022
NN0236,Yinnesu,2012,Tropical Animal Health and Production,No,10.1007/s11250-011-9916-z,NA,Livestock Update 2022
NN0242,Kang’ombe,2006,Aquaculture Research,No,10.1111/j.1365-2109.2006.01569.x,NA,Livestock Update 2022
NN0244.1,Chikafumbwa,1996,Aquaculture,No,10.1016/s0044-8486(96)01341-5,NA,Livestock Update 2022
NN0244.2,Chikafumbwa,1996,Aquaculture,No,10.1016/s0044-8486(96)01341-5,NA,Livestock Update 2022
NN0251,Wambui,2006,Asian-Australasian Journal of Animal Sciences,No,10.5713/ajas.2006.992,NA,Livestock Update 2022
NN0253,Waruiru,2004,Veterinary Research Communications,No,10.1023/b:;verc.0000026670.64936.18,NA,Livestock Update 2022
NN0255,Kariuki,1999,South African Journal of Animal Science,No,NA,https://cgspace.cgiar.org/handle/10568/29641,Livestock Update 2022
NN0272.1.2,Katongole,2009,Tropical Animal Health and Production,No,10.1007/s11250-009-9357-0,NA,Livestock Update 2022
NN0272.1,Katongole,2009,Tropical Animal Health and Production,No,10.1007/s11250-009-9357-0,NA,Livestock Update 2022
NN0272.2,Katongole,2009,Tropical Animal Health and Production,No,10.1007/s11250-008-9193-7,NA,Livestock Update 2022
NN0276.1,Lapenga,2009,Journal of Animal and Veterinary Advances,No,NA,https://www.researchgate.net/publication/289652441_Effect_of_Feed_Supplements_on_Weight_Gain_and_Carcass_Characteristics_of_Intact_Male_Mubende_Goats_Fed_Elephant_Grass_Pennisetum_purpureum_ad_libitum_in_Uganda,Livestock Update 2022
NN0276.2,Lapenga,2009,Journal of Animal and Veterinary Advances,No,NA,https://www.researchgate.net/publication/289580691_Growth_Performance_and_Feed_Utilization_by_Intact_Male_Mubende_Goats_Fed_Various_Supplements_with_Elephant_Grass_Pennisetum_purpureum_as_Basal_Diet_in_Uganda,Livestock Update 2022
NN0279,Mpairwe,1998,Agroforestry Systems,No,10.1023/A:1006097902270,NA,Livestock Update 2022
NN0280.1,Mpairwe,2003,Livestock Production Science,No,10.1016/s0301-6226(02)00176-8,NA,Livestock Update 2022
NN0280.2,Mpairwe,2003,Livestock Production Science,No,10.1016/s0301-6226(02)00178-1,NA,Livestock Update 2022
NN0282,Mwesigwa,2013,Tropical Animal Health and Production,No,10.1007/s11250-012-0237-7,NA,Livestock Update 2022
NN0299,Madzimure,2011,Tropical Animal Health and Production,No,10.1007/s11250-010-9656-5,NA,Livestock Update 2022
NN0315,Chakoma,2016,African Journal of Range & Forage Science,No,10.2989/10220119.2016.1207706,NA,Livestock Update 2022
NN0316,Cherif,2018,Small Ruminant Research,No,10.1016/j.smallrumres.2017.11.008,NA,Livestock Update 2022
NN0318,Chiloane,2013,South African Journal of Animal Science,No,10.4314/sajas.v43i2.6,NA,Livestock Update 2022
NN0320,Evans,2014,Water Science and Technology,No,10.2166/wst.2014.012,NA,Livestock Update 2022
NN0321,Chisoro,2018,South African Journal of Animal Science,No,10.4314/sajas.v48i2.9,NA,Livestock Update 2022
NN0325,Dada,2017,Journal of Applied Animal Research,No,10.1080/09712119.2016.1233108,NA,Livestock Update 2022
NN0326,Dada,2015,Journal of Fisheries,No,10.17017/jfish.v3i1.2015.58,NA,Livestock Update 2022
NN0329,Ermias,2013,Small Ruminant Research,No,10.1016/j.smallrumres.2013.05.010,NA,Livestock Update 2022
NN0331,Fakayode,2010,Fisheries Society of Nigeria,Yes,NA,http://hdl.handle.net/1834/38233,Livestock Update 2022
NN0334,Getachew,2015,Livestock Science,No,10.1016/j.livsci.2015.03.021,NA,Livestock Update 2022
NN0339.1,Goosen,2014,Aquaculture,No,10.1016/j.aquaculture.2014.03.040,NA,Livestock Update 2022
NN0339.2,Goosen,2014,Aquaculture,No,10.1016/j.aquaculture.2014.03.018,NA,Livestock Update 2022
NN0341,Goosen,2014,Aquaculture International,No,10.1007/s10499-014-9873-4,NA,Livestock Update 2022
NN0342,Goosen,2014,Animal Feed Science and Technology,No,10.1016/j.anifeedsci.2013.10.019,NA,Livestock Update 2022
NN0345,Yisehak,2014,Tropical Animal Health and Production,No,10.1007/s11250-014-0605-6,NA,Livestock Update 2022
NN0352,Chaplot,2016,Geoderma,No,10.1016/j.geoderma.2016.02.010,NA,Livestock Update 2022
NN0356,Kibwana,2013,Pakistan Veterinary Journal,No,NA,https://orbi.uliege.be/bitstream/2268/165673/1/Katungu_PVJ.pdf,Livestock Update 2022
NN0357,Kambashi,2016,Tropical Animal Health and Production,No,10.1007/s11250-016-1070-1,NA,Livestock Update 2022
NN0358,Hassaan,2017,Aquaculture Nutrition,No,10.1111/anu.12424,NA,Livestock Update 2022
NN0359,Michael,2015,Aquaculture Nutrition,No,10.1111/anu.12385,NA,Livestock Update 2022
NN0361,Kholif,2016,Animal Feed Science and Technology,No,10.1016/j.anifeedsci.2016.04.012,NA,Livestock Update 2022
NN0362,Kholif,2015,Small Ruminant Research,No,10.1016/j.smallrumres.2015.05.007,NA,Livestock Update 2022
NN0364,Kholif,2014,Asian-Australasian Journal of Animal Sciences,No,10.5713/ajas.2013.13405,NA,Livestock Update 2022
NN0365,Hashem,2017,Annals of Animal Science,No,10.1515/aoas-2016-0030,NA,Livestock Update 2022
NN0366,Kholif,2016,Journal of Agricultural and Food Chemistry,No,10.1021/acs.jafc.6b02625,NA,Livestock Update 2022
NN0367,Mahmoud,2017,Aquaculture,No,10.1016/j.aquaculture.2017.03.043,NA,Livestock Update 2022
NN0368,Kholif,2018,Small Ruminant Research,No,10.1016/j.smallrumres.2017.10.014,NA,Livestock Update 2022
NN0369,Hassaan,2015,Animal Feed Science and Technology,No,10.1016/j.anifeedsci.2015.01.007,NA,Livestock Update 2022
NN0370,Khattab,2013,Livestock Science,No,10.1016/j.livsci.2013.05.024,NA,Livestock Update 2022
NN0371,Nasr,2017,Reproduction in Domestic Animals,No,10.1111/rda.12881,NA,Livestock Update 2022
NN0372,Hailemariam,2016,Tropical Animal Health and Production,No,10.1007/s11250-015-0953-x,NA,Livestock Update 2022
NN0374,Mohammed,2012,Tropical Animal Health and Production,No,10.1007/s11250-011-0056-2,NA,Livestock Update 2022
NN0375,Megersa,2013,Tropical Animal Health and Production,No,10.1007/s11250-012-0264-4,NA,Livestock Update 2022
NN0376,Haftay,2013,Rangeland Journal,No,10.1071/RJ12054,NA,Livestock Update 2022
NN0377,Nurfeta,2014,Tropical Animal Health and Production,No,10.1007/s11250-014-0583-8,NA,Livestock Update 2022
NN0380,Mathia,2012,Aquaculture,No,10.1016/j.aquaculture.2012.05.002,NA,Livestock Update 2022
NN0383,Ngugi,2015,Fish & Shellfish Immunology,No,10.1016/j.fsi.2015.03.025,NA,Livestock Update 2022
NN0384,Ngugi,2017,Aquaculture Research,No,10.1111/are.13062,NA,Livestock Update 2022
NN0394,Isah,2015,Tropical Animal Health and Production,No,10.1007/s11250-015-0823-6,NA,Livestock Update 2022
NN0396,Kwari,2012,International Journal of Poultry Science,No,10.3923/ijps.2012.333.337,NA,Livestock Update 2022
NN0399,Mutimura,2016,Tropical Animal Health and Production,No,10.1007/s11250-016-1019-4,NA,Livestock Update 2022
NN0400,Mukasafari,2018,Tropical Animal Health and Production,No,10.1007/s11250-017-1446-x,NA,Livestock Update 2022
JO1011,Mataveia,2019,Black Sea Journal of Agriculture,NA,NA,https://dergipark.org.tr/en/download/article-file/657153,ERA 2024 Livestock
BO1007,Mathobela,2022,Applied Ecology and Environmental Research,NA,10.15666/aeer/2002_11391151,NA,ERA 2024 Livestock
BO1008,Helal,2018,Research Journal of Animal and Veterinary Sciences,NA,10.22587/rjavs.2018.10.2.3,NA,ERA 2024 Livestock
BO1009,Jiwuba,2019,Acta fytotechn zootechn,NA,10.15414/afz.2019.22.03.64-70,NA,ERA 2024 Livestock
BO1010,Mushunje,2024,Tropical Animal Health and Production,NA,10.1007/s11250-024-04004-z,NA,ERA 2024 Livestock
BO1012,Tadesse,2022,Tropical and Subtropical Agroecosystems,NA,10.56369/tsaes.4060,NA,ERA 2024 Livestock
BO1013,Gelgelo,2024,Journal of Applied Animal Research,NA,10.1080/09712119.2023.2288613,NA,ERA 2024 Livestock
BO1014,Mohamed,2020,International Journal of Current Microbiology and Applied Sciences,NA,10.20546/ijcmas.2020.907.371,NA,ERA 2024 Livestock
BO1015,El-Kholany,2019,Journal of Animal and Poultry Production,NA,10.21608/jappmu.2019.40301,NA,ERA 2024 Livestock
BO1016,Mwangi,2024,Animal Science,NA,10.3389/fanim.2024.1296203,NA,ERA 2024 Livestock
BO1017,Kenana,2020,International Journal of Veterinary Sciences and Animal Husbandry,NA,NA,https://www.veterinarypaper.com/pdf/2020/vol5issue5/PartA/5-4-41-537.pdf,ERA 2024 Livestock
BO1018,Kewan,2021,Online Journal of Animal and Feed Research,NA,10.51227/ojafr.2021.18,NA,ERA 2024 Livestock
BO1019,Jiwuba,2023,"Sustainability, Agriculture, Food and Environmental Research",NA,10.7770/safer-V11N1-art2249,NA,ERA 2024 Livestock
BO1020,Aboamer,2023,Egyptian Journal of Nutrition and Feeds,NA,10.21608/ejnf.2023.297886,NA,ERA 2024 Livestock
BO1024,Brhanu,2019,Online Journal of Animal and Feed Research,NA,10.36380/scil.2019.ojafr27,NA,ERA 2024 Livestock
BO1025,Mengistu,2020,Journal of Nutrition and Metabolism,NA,10.1155/2020/9308761,NA,ERA 2024 Livestock
BO1026,Ahmed,2023,American Journal of Zoology,NA,10.11648/j.ajz.20230604.12,NA,ERA 2024 Livestock
BO1031,Tesfay,2018,Indonesian Journal of Animal and Veterinary Sciences,NA,10.14334/jitv.v23i1.1634,NA,ERA 2024 Livestock
BO1032,Hassan,2024,Animal,NA,10.3390/ani14131878,NA,ERA 2024 Livestock
CJ1009,Marius,2018,South African Journal of Animal Science,NA,10.4314/sajas.v48i5.11,NA,ERA 2024 Livestock
CJ1013,Kodbe,2023,Open Journal of Animal Sciences,NA,10.4314/sajas.v48i5.11,NA,ERA 2024 Livestock
CJ1019,Eyoh,2019,Current Agriculture Research Journal,NA,10.12944/carj.7.2.13,NA,ERA 2024 Livestock
EM1004,El-Kholany,2018,Journal of Animal and Poultry Production,NA, 10.21608/jappmu.2018.38935,NA,ERA 2024 Livestock
EM1006,Safoura,2021,"International Journal of Environment, Agriculture and Biotechnology",NA,10.22161/ijeab.61.20,NA,ERA 2024 Livestock
EM1008,Odeyinka,2001,Nigerian Journal of Animal Production,NA,10.51791/njap.v28i1.1888,NA,ERA 2024 Livestock
EM1010,EL-Hedainy,2020,International Journal of Veterinary Science and Research,NA,NA,https://www.veteringroup.us/articles/IJVSR-6-172.php,ERA 2024 Livestock
EM1011,Wandara,2020,International Journal of Animal Science and Technology,NA,10.11648/j.ijast.20200402.12,NA,ERA 2024 Livestock
EM1012,Kumsa,2016,"Science, Technology and Arts Research Journal",NA,10.4314/star.v5i1.6,NA,ERA 2024 Livestock
EM1013.1,Ng`ambi,2018,Applied Ecology and Environmental Research,NA,10.15666/aeer/1603_21972212,NA,ERA 2024 Livestock
EM1013.2,Ng`ambi,2018,Applied Ecology and Environmental Research,NA,10.15666/aeer/1603_21972212,NA,ERA 2024 Livestock
EM1013.3,Ng'ambi,2018,Applied Ecology and Environmental Research,NA,10.15666/aeer/1603_21972212,NA,ERA 2024 Livestock
EM1013.4,Ng'ambi,2018,Applied Ecology and Environmental Research,NA,10.15666/aeer/1603_21972212,NA,ERA 2024 Livestock
EM1014,Kemboi,2023,Tropical Animal Health and Production,NA,10.1007/s11250-023-03545-z,NA,ERA 2024 Livestock
EM1015,Tano,2024,Journal of Applied Animal Research,NA,10.1080/09712119.2024.2344594,NA,ERA 2024 Livestock
EM1017,Daghash,2024,Assiut Journal of Agricultural Sciences,NA, 10.21608/ajas.2024.266071.1331,NA,ERA 2024 Livestock
EM1019,Miegoue,2023,Journal of Animal Husbandry and Dairy Science,NA,10.22259/2637-5354.0701001,NA,ERA 2024 Livestock
JO1012,Kekana,2021,South African Journal of Animal Science,NA,NA,http://www.sasas.co.za,ERA 2024 Livestock
JO1013,Okunade,2020,Sciendo,NA,102478/azibna-2020-0009,NA,ERA 2024 Livestock
JO1014,Ebeid,2022,Journal of Animal Health and Production,NA,10.17582/journal.jahp/2022/10.4.466.474,NA,ERA 2024 Livestock
JO1015,Bekele,2021,Heliyon,NA,NA,https://ssrn.com/abstract=3916704,ERA 2024 Livestock
JO1017,Shaarawy,2022,Egyptian Journal of Sheep and Goat Sciences,NA,NA,https://ejsgs.journals.ekb.eg,ERA 2024 Livestock
JO1018,Shoyombo,2021,Journal of Animal Science and Veterinary Medicine,NA,10.31248/JASVM2021.301,NA,ERA 2024 Livestock
JO1019,Njidda,2020,Nigerian Agricultural Journal,NA,NA,http://www.ajol.info/index.php/naj,ERA 2024 Livestock
JO1020,Eissa,2022,Egyptian Journal of Nutrition and Feeds,NA,10.21608/ejnf.2022.236557,NA,ERA 2024 Livestock
JO1021,Avornyo,2019,Tropical Animal Health and Production,NA,10.1007/s11250-019-01989-w,NA,ERA 2024 Livestock
JO1024,Gebrekidan,2019,Journal of Agriculture and Ecology Research International,NA,10.9734/JAERI/2019/v20i130097,NA,ERA 2024 Livestock
JO1025,Galla,2020,Open Journal of Animal Science,NA,10.4236/ojas.2020.103039,https://www.scirp.org/journal/ojas,ERA 2024 Livestock
JO1026,Mekonnen,2019,Tropical Grasslands-Forrajes Tropicales,NA,10.17138/TGFT(7)519-526,NA,ERA 2024 Livestock
JO1028,Atsbha,2021,African Journal of Agricultural Research,NA,10.5897/AJAR2020.15053,NA,ERA 2024 Livestock
JO1029,Mediksa,2021,American Journal of Applied Scientific Research,NA,10.11648/j.ajasr.20210702.12,NA,ERA 2024 Livestock
JO1030,Adeola,2020,Journal of Animal Health and Production,NA,10.17582/journal.jahp/2021/9.2.107.111,NA,ERA 2024 Livestock
JO1031,Gusha,2022,Tropical and Subtropical Agroecosystems,NA,10.56369/tsaes.3769,NA,ERA 2024 Livestock
JO1032,Terefe,2021,Advances in Agriculture,NA,10.11648/j.aas.20210604.11,NA,ERA 2024 Livestock
JO1033,Kumsa,2023,American Journal of BioScience,NA,10.11648/j.ajbio.20231105.13,NA,ERA 2024 Livestock
JO1034,"Ikyume,",2018,Journal of Animal Husbandry and Dairy Science,NA,10.22259/2637-5354.0201004,NA,ERA 2024 Livestock
JO1035,Mekki,2022,Archives Animal Breeding,NA,10.5194/aab-65-113-2022,NA,ERA 2024 Livestock
JO1036,Ayele,2022,Open Journal of Animal Sciences,NA,10.4236/ojas.2022.121006,NA,ERA 2024 Livestock
JO1037,Ikusika,2023,Open Agriculture,NA,10.1515/opag-2022-0161,NA,ERA 2024 Livestock
JO1038,Yimenu,2023,Veterinary Medicine and Science,NA,10.1002/vms3.1226,NA,ERA 2024 Livestock
JO1039.1,Moyo,2018,Asian-Australasian Journal of Animal Sciences,NA,10.5713/ajas.17.0901,NA,ERA 2024 Livestock
JO1039.2,Moyo,2018,Asian-Australasian Journal of Animal Sciences,NA,10.5713/ajas.17.0901,NA,ERA 2024 Livestock
JO1039.3,Moyo,2018,Asian-Australasian Journal of Animal Sciences,NA,10.5713/ajas.17.0901,NA,ERA 2024 Livestock
JO1039.5a,Moyo,2018,Asian-Australasian Journal of Animal Sciences,NA,10.5713/ajas.17.0901,NA,ERA 2024 Livestock
JO1039.5a,Moyo,2018,Asian-Australasian Journal of Animal Sciences,NA,10.5713/ajas.17.0901,NA,ERA 2024 Livestock
JO1040,Abera,2018,The Open Agriculture Journal,NA,10.2174/1874331501812010084,NA,ERA 2024 Livestock
JO1041,Chali,2018,Asian-Australasian Journal of Animal Sciences,NA,10.5713/ajas.17.0831,NA,ERA 2024 Livestock
BO1011,Helal,2018,Research Journal of Animal and Veterinary Sciences,NA,10.22587/rjavs.2018.10.1.5,NA,ERA 2024 Livestock
BO1000,Mekuriaw,2018,Agriculture and Food Security,NA,10.1186/s40066-018-0182-4,NA,ERA 2024 Livestock
BO1001,Tekliye,2018,Agriculture and Food Security,NA,10.1186/s40066-018-0226-9,NA,ERA 2024 Livestock
BO1002,Kholif,2022,Animal,NA,10.3390/ani12121589,NA,ERA 2024 Livestock
BO1003,Rakotoarivonona,2022,Acta Horticulturae,NA,10.17660/ActaHortic.2022.1343.8,NA,ERA 2024 Livestock
BO1004,Dufera,2023,Open Access Journal of Agricultural Research,NA,10.23880/oajar-16000316,NA,ERA 2024 Livestock
BO1005,Leketa,2019,South African Journal of Animal Science,NA,10.4314/sajas.v49i5.17,NA,ERA 2024 Livestock
BO1006,El-Sheikh,2023,Journal of Animal and Poultry Production,NA,10.21608/jappmu.2023.229940.1086,NA,ERA 2024 Livestock
BO1021,El-Hawy,2018,Research Journal of Animal and Veterinary Sciences,NA,10.22587/rjavs.2018.10.1.4,NA,ERA 2024 Livestock
BO1023,Abo-Donia,2024,Tropical Animal Health and Production,NA,10.1007/s11250-024-03945-9,NA,ERA 2024 Livestock
BO1027,Roba,2022,Heliyon,NA,10.1016/j.heliyon.2022.e11958,NA,ERA 2024 Livestock
BO1028,Kumssa,2018,Agricultural Research and Technology: Open Access Journal,NA,10.19080/ARTOAJ.2018.17.556024,NA,ERA 2024 Livestock
BO1029,Mahmoud,2020,Journal of Animal and Poultry Production,NA,10.21608/jappmu.2020.161173,NA,ERA 2024 Livestock
BO1030,0,0,0,NA,NA,NA,ERA 2024 Livestock
BO1033,Wuanor,2018,Journal of Animal Science and Veterinary Medicine,NA,10.31248/JASVM2018.104,NA,ERA 2024 Livestock
BO1034,Omotoso,2021,Agricultura Tropica et Subtropica,NA,10.2478/ats-2021-0018,NA,ERA 2024 Livestock
BO1035,Ahmed,2022,Online Journal of Animal and Feed Research,NA,10.51227/ojafr.2022.30,NA,ERA 2024 Livestock
BO1036,Mengistu,2022,CABI Agriculture and Bioscience,NA,10.1186/s43170-022-00137-z,NA,ERA 2024 Livestock
BO1037,Okoruwa,2021,World Journal of Advanced Research and Reviews,NA,10.30574/wjarr.2021.12.2.0615,NA,ERA 2024 Livestock
BO1038,Wuanor,2018,Journal of Animal Husbandry and Dairy Science,NA,10.22259/2637-5354.0201003,NA,ERA 2024 Livestock
BO1039,Sasu,2023,Frontiers in Animal Science,NA,10.3389/fanim.2023.1108012,NA,ERA 2024 Livestock
BO1040,Shaarawy,2018,Egyptian Journal of Nutrition and Feeds,NA,https://doi.org/10.21608/ejnf.2018.75519,NA,ERA 2024 Livestock
BO1041,Kuleile,2021,Online Journal of Animal and Feed Research,NA,10.51227/ojafr.2021.28,NA,ERA 2024 Livestock
BO1042,Omachi,2020,Animal and Veterinary Sciences,NA,10.11648/j.avs.20200801.12,NA,ERA 2024 Livestock
BO1043,Gboshe,2020,Animal and Veterinary Sciences,NA,10.11648/j.avs.20200801.15,NA,ERA 2024 Livestock
BO1044,Ogunbosoye,2022,Turkish Journal of Agriculture - Food Science and Technology,NA,10.24925/turjaf.v10i12.2397-2404.5244,NA,ERA 2024 Livestock
BO1045,Eliwa,2020,Archives of Agriculture Sciences Journal,NA,10.21608/aasj.2020.134916,NA,ERA 2024 Livestock
BO1046,Ansah,2019,Ghana Journal of Agricultural Sciences,NA,10.4314/gjas.v54i1.7,NA,ERA 2024 Livestock
BO1047,Begna,2023,Food Science & Nutrition,NA,10.1002/fsn3.3687,NA,ERA 2024 Livestock
BO1048,Ahmed,2019,Nigerian Journal of Animal Science and Technology,NA,NA,file:///C:/Users/Admin/Downloads/9-Article%20Text-30-1-10-20191004%20(5).pdf,ERA 2024 Livestock
BO1049,Aziz,2020,Journal of Animal and Poultry Production,NA,10.21608/jappmu.2020.112795,NA,ERA 2024 Livestock
BO1050,Ftiwi,2019,"Journal of Biology, Agriculture and Healthcare",NA,10.7176/JBAH,NA,ERA 2024 Livestock
BO1051,Yacout,2021,Bulletin of the University of Agricultural Sciences and Veterinary Medicine Cluj-Napoca Animal Science and Biotechnologies ,NA,10.15835/buasvmcn-asb:2021.0009,NA,ERA 2024 Livestock
BO1052,Soliman,2020,Journal of Animal and Poultry Production,NA,10.21608/jappmu.2020.87135,NA,ERA 2024 Livestock
BO1053,Shakweer,2023,Egyptian Journal of Nutrition and Feeds,NA,10.21608/ejnf.2023.316687,NA,ERA 2024 Livestock
BO1054,Sani,2021,FUDMA Journal of Sciences,NA,10.33003/fjs-2021-0501-543,NA,ERA 2024 Livestock
BO1055,Salum,2024,International Journal of Animal Science and Technology,NA,10.11648/j.ijast.20240802.12,NA,ERA 2024 Livestock
BO1056,Nayel,2023,Egyptian Journal of Nutrition and Feeds,NA,10.21608/ejnf.2023.316696,NA,ERA 2024 Livestock
BO1064,Konan,2021,Journal of Agricultural Science,NA,10.5539/jas.v13n4p93,NA,ERA 2024 Livestock
BO1058,Aziz,2020,Journal of Animal and Poultry Production,NA,10.21608/jappmu.2020.112792,NA,ERA 2024 Livestock
BO1059,Suliman,2024,Assiut Journal of Agricultural Sciences,NA,10.21608/ajas.2024.269374.1335,NA,ERA 2024 Livestock
BO1060,Omotoso,2019,"Journal of Food, Nutrition and Agriculture",NA,10.21839/jfna.2019.v2i1.236,NA,ERA 2024 Livestock
BO1061,Nathalie,2020,Animal and Veterinary Sciences,NA,10.11648/j.avs.20200806.11,NA,ERA 2024 Livestock
BO1062,Mulaudzi,2022,Poultry,NA,10.3390/poultry1020006,NA,ERA 2024 Livestock
B01063,Mulaudzi,2022,Sustainability,NA,10.3390/su14095067,NA,ERA 2024 Livestock
BO1064,Chingala,2019,South African Journal of Animal Science,NA,10.4314/sajas.v49i2.18,NA,ERA 2024 Livestock
BO1065,Yusuf,2018,South African Journal of Animal Science,NA,10.4314/sajas.v48i1.10,NA,ERA 2024 Livestock
BO1066,Yagoubi,2021,Animal,NA,10.3390/ani11030655,NA,ERA 2024 Livestock
BO1067,Shehabeldin,2021,Journal of Animal and Poultry Production,NA,10.21608/jappmu.2021.153289,NA,ERA 2024 Livestock
BO1068,Meteab,2020,"International Journal of Environment, Agriculture and Biotechnology",NA,10.22161/ijeab.51.26,NA,ERA 2024 Livestock
BO1069,Ruvuga,2022,African Journal of Agricultural Research,NA,10.5897/AJAR2021.15785,NA,ERA 2024 Livestock
BO1070,Omotoso,2020,Assessment and impact of grass and forage quality,NA,https://uknowledge.uky.edu/cgi/viewcontent.cgi?article=1281&context=igc,NA,ERA 2024 Livestock
BO1070,Mekuriaw,2020,Reproduction in Domestic Animals,NA,10.3390/ani10061021,NA,ERA 2024 Livestock
BO1072,Umoh,2021,Nigerian Journal of Animal Production,NA,10.51791/njap.v7i2.2121,NA,ERA 2024 Livestock
BO1073,El-Deeb,2023,Egyptian Journal of Nutrition and Feeds,NA,10.21608/ejnf.2023.297952,NA,ERA 2024 Livestock
BO1074,Alokan,2021,Nigerian Journal of Animal Production,NA,10.51791/njap.v15i.1247,NA,ERA 2024 Livestock
BO1075,Akoto,2022,Global Journal of Ecology,NA,10.17352/gje.000061,NA,ERA 2024 Livestock
BO1076,El-Fadel,2018,Journal of Animal and Poultry Production,NA,10.21608/jappmu.2018.38949,NA,ERA 2024 Livestock
BO1077,Finangwai,2018,Nigerian Journal of Animal Production,NA,10.51791/njap.v45i1.354,NA,ERA 2024 Livestock
BO1078,Negussie,2020,Journal of Animal Research,NA,10.30954/2277-940X.04.2020.2,NA,ERA 2024 Livestock
BO1079,Gomaa,2018,Egyptian Journal of Sheep & Goat Sciences,NA,10.21608/ejsgs.2018.26300,NA,ERA 2024 Livestock
BO1080,Getnet,2023,Animal and Veterinary Sciences,NA,10.11648/j.avs.20231105.12,NA,ERA 2024 Livestock
BO1081,Adegun,2020,Journal of Animal Sciences and Livestock Production,NA,10.36648/2577-0594.4.1.2,NA,ERA 2024 Livestock
BO1082,Idrissou,2020,Revue d’élevage et de médecine vétérinaire des pays tropicaux,NA,10.19182/remvt.31875,NA,ERA 2024 Livestock
BO1083,Jiwuba,2018,Nigerian Journal of Animal Production,NA,10.51791/njap.v45i2.498,NA,ERA 2024 Livestock
BO1084,Tusa,2020,Nigerian Journal of Animal Science and Technology,NA,NA,"https://njast.com.ng/index.php/home/article/view/113#:~:text=The%20dry%20matter%20content%20of,12.38%25%20from%20T1%20to%20T4.",ERA 2024 Livestock
BO1085,Hassan,2021,"Annals of Agricultural Science, Moshtohor",NA,NA,Sources,ERA 2024 Livestock
BO1086,Kochare,2023,Cogent Food & Agriculture,NA,10.1080/23311932.2023.2285227,NA,ERA 2024 Livestock
BO1087,Shitaneh,2021,Veterinary Medicine and Science,NA,10.1002/vms3.617,NA,ERA 2024 Livestock
BO1088,Olamilusi,2019,Nigerian Journal of Animal Production,NA,10.51791/njap.v46i2.35,NA,ERA 2024 Livestock
BO1089,Adegbola,2021,Nigerian Journal of Animal Production,NA,10.51791/njap.v15i.968,NA,ERA 2024 Livestock
BO1090,Aman,2019,Food Science and Quality Management,NA,10.7176/fsqm/90-02,NA,ERA 2024 Livestock
BO1091,Alemu,2020,Translational Animal Science,NA,10.1093/tas/txaa149,NA,ERA 2024 Livestock
BO1092,Ogunjemite,2023,Journal of Basic and Applied Research International,NA,10.56557/jobari/2023/v29i5-68550,NA,ERA 2024 Livestock
BO1093,Okah,2019,Nigerian Journal of Animal Science,NA,NA,https://www.ajol.info/index.php/tjas/article/download/187902/177179,ERA 2024 Livestock
0,0,0,0,NA,NA,NA,ERA 2024 Livestock
BO1095,Elgaml,2020,Journal of Food and Animal Science,NA,10.21608/jfds.2020.130425,NA,ERA 2024 Livestock
BO1096,Kwaido,2020,Scientific Journal of Animal Science,NA,http://www.sjournals.com/index.php/sjas/article/view/1596,NA,ERA 2024 Livestock
BO1097,Dadi,2024,World Journal of Social Science Research,NA,10.22158/wjssr.v11n3p73,NA,ERA 2024 Livestock
BO1098,Obioha,2018,Aceh Journal of Animal Science,NA,10.13170/ajas.3.2.11834,NA,ERA 2024 Livestock
BO1099,Omachi,2020,Animal and Veterinary Sciences,NA,10.11648/j.avs.20200804.13,NA,ERA 2024 Livestock
CJ1000,Abreha,2019,Open Agriculture,NA,10.2174/1874331501913010207,NA,ERA 2024 Livestock
CJ1001,Bekele,2022,Heliyon,NA,10.1016/j.heliyon.2022.e10181,NA,ERA 2024 Livestock
CJ1002,Leketa,2019,South African Journal of Animal Science,NA,10.4314/sajas.v49i2.10,NA,ERA 2024 Livestock
CJ1003,Chingala,2019,South African Journal of Animal Science,NA,10.4314/sajas.v49i2.18,NA,ERA 2024 Livestock
CJ1004,Taiwo,2021,Nigerian Journal of Animal Production,NA,10.51791/njap.v22i1.2033,NA,ERA 2024 Livestock
CJ1005,Mhlongo,2023,Veterinary and Animal Science,NA,10.1016/j.vas.2023.100299,NA,ERA 2024 Livestock
CJ1006,El-Esawy,2018,Egyptian Journal of  Nutrition and Feeds,NA,10.21608/ejnf.2018.63233,NA,ERA 2024 Livestock
CJ1007,Shaer,2018,American-Eurasian Journal of Sustainable Agriculture,NA,10.22587/aejsa.2018.12.1.3,NA,ERA 2024 Livestock
CJ1008,Adebayo,2024,Journal of Agricultural Science and Practice,NA,10.31248/jasp2023.449,NA,ERA 2024 Livestock
CJ1010,Babayemi,2020,Nigerian Journal of Animal Production,NA,10.51791/njap.v47i5.1264,NA,ERA 2024 Livestock
CJ1011,Ayandiran,2020,Nigerian Journal of Animal Production,NA,10.51791/njap.v46i2.40,NA,ERA 2024 Livestock
CJ1012,Philippe,2023,International Journal of Veterinary Sciences and Animal Husbandry,NA,10.22271/veterinary.2023.v8.i3b.527,NA,ERA 2024 Livestock
CJ1014,Suleiman,2021,Nigerian Journal of Animal Production,NA,10.51791/njap.v43i1.2755,NA,ERA 2024 Livestock
CJ1015,Younan,2018,Egyptian Journal of Nutrition and Feeds,NA,10.21608/ejnf.2018.75401,NA,ERA 2024 Livestock
CJ1016,Ocheja,2021,Scholars Journal of Agriculture and Veterinary Sciences,NA,10.36347/sjavs.2021.v08i05.002,NA,ERA 2024 Livestock
CJ1017,El-Deeb,2023,Global Veterinaria,NA,10.5829/idosi.gv.2023.01.11,NA,ERA 2024 Livestock
CJ1018,Monegi,2023,Animals,NA,10.3390/ani13223509,NA,ERA 2024 Livestock
EM1000,Ocheja,2021,Veterinary Medicine and Public Health Journal,NA,10.31559/VMPH2021.2.2.3,NA,ERA 2024 Livestock
EM1005,Abdel-Rahman,2019,Journal of Animal Health and Production,NA,10.17582/journal.jahp/2019/7.4.131.141,NA,ERA 2024 Livestock
EM1020,Adugna,2023,Veterinary Medicine and Science,NA,10.1002/vms3.1068,NA,ERA 2024 Livestock
EM1022,John,2022,Tropical Animal Health and Production,NA,10.1007/s11250-022-03066-1,NA,ERA 2024 Livestock
EM1023,Simone,2023,Turkish Journal of Agriculture-Food Science and Technology,NA,10.24925/turjaf.v11i6.1067-1073.5989,NA,ERA 2024 Livestock
EM1025,Mupangwa,2022,Welwitschia International Journal of Agricultural Sciences,NA,10.32642/wijas.v3i.1459,NA,ERA 2024 Livestock
EM1026,Gebremariam,2019,The Open Agriculture Journal,NA,10.2174/1874331501913010182,NA,ERA 2024 Livestock
EM1028,Heliso,2022,International Journal of Science and Research Archive,NA,10.30574/ijsra.2022.6.1.0090,NA,ERA 2024 Livestock
EM1029,Okoruwa,2020,European Journal of Agriculture and Food Sciences,NA,10.24018/ejfood.2020.2.4.75,NA,ERA 2024 Livestock
EM1030,Beraedo,2022,Medicon Agriculture & Environmental Sciences,NA,10.55162/MCAES.03.055,NA,ERA 2024 Livestock
EM1031,El‐Nomeary,2021,Bulletin of the National Research Centre,NA,10.1186/s42269‐021‐00486‐1,NA,ERA 2024 Livestock
EM1032,Tsafiyo,2022,Open Journal of Animal Sciences,NA,10.4236/ojas.2022.121003,NA,ERA 2024 Livestock
EM1033,Adnew,2021,Tropical Grasslands-Forrajes Tropicales,NA,10.17138/TGFT(9)206-215,NA,ERA 2024 Livestock
EM1034,Hassan,2021,Nigerian Journal of Animal Production,NA,10.51791/njap.v48i3.2963,NA,ERA 2024 Livestock
EM1035,Singer,2024,Egyptian Journal of Nutrition and Feeds,NA,10.21608/ejnf.2024.352564,NA,ERA 2024 Livestock
EM1036,Mekuria,2024,Cogent Food & Agriculture,NA,10.1080/23311932.2023.2295078,NA,ERA 2024 Livestock
EM1037,Dea,2020,Advances in Life Science and Technology,NA,10.7176/ALST/81-01,NA,ERA 2024 Livestock
EM1038,Fikadu,2020,Journal of Biology Agriculture and Healthcare,NA,10.7176/JBAH/10-1-05,NA,ERA 2024 Livestock
EM1039,Shiferaw,2022,Translational Animal Science,NA,10.1093/tas/txac146,NA,ERA 2024 Livestock
EM1040,Kaysimo,2024,Chilean Journal of Agricultural & Animal Sciences,NA,10.29393/CHJAAS40-11ESGY20011,NA,ERA 2024 Livestock
EM1041,Mediksa,2021,International Journal of Agricultural Economics,NA,10.11648/j.ijae.20210603.14,NA,ERA 2024 Livestock
EM1042,Hassanein,2020,Egyptian Journal of Nutrition and Feeds,NA,10.21608/ejnf.2020.115088,NA,ERA 2024 Livestock
EM1043,Anigbogu,2020,Nigerian Journal of Animal Science and Technology,NA,NA,https://njast.com.ng/index.php/home/article/view/101/97,ERA 2024 Livestock
EM1044,Maklad,2018,Egyptian Journal of Nutrition and Feeds,NA,10.21608/ejnf.2018.75509,NA,ERA 2024 Livestock
EM1045,Millam,2020,Nigerian Journal of Animal Production,NA,10.51791/njap.v47i1.247,NA,ERA 2024 Livestock
EM1046,Singer,2024,Egyptian Journal of Nutrition and Feeds,NA,10.21608/ejnf.2024.352565,NA,ERA 2024 Livestock
EM1047,Finangwai,2018,Nigerian Journal of Animal Production,NA,10.51791/njap.v45i1.355,NA,ERA 2024 Livestock
EM1048,Adugna,2024,Ethiopian Veterinanry Journal,NA,10.4314/evj.v27i1.6,NA,ERA 2024 Livestock
EM1049,Midau,2020,Nigerian Journal of Animal Science and Technology,NA,NA,https://njast.com.ng/index.php/home/article/view/93,ERA 2024 Livestock
EM1050,Goska,2017,Nigerian Journal of Animal Production,NA,10.51791/njap.v44i2.1013,NA,ERA 2024 Livestock
EM1051,Udo,2018,Nigerian Journal of Animal Production,NA,10.51791/njap.v45i5.310,NA,ERA 2024 Livestock
EM1052,Arilekolasi,2020,Archiva Zootechnica,NA,10.2478/azibna-2020-0003,NA,ERA 2024 Livestock
EM1053,Fasae,2012,Nigerian Journal of Animal Production,NA,10.51791/njap.v39i1.2271,NA,ERA 2024 Livestock
EM1054,Abdel-Raheem,2021,Saudi Journal of Biological Sciences,NA,10.1016/j.sjbs.2021.04.037,NA,ERA 2024 Livestock
EM1055,Chisoro,2019,Welwitschia International Journal of Agricultural Sciences,NA,10.32642/wijas.v1i0.1358,NA,ERA 2024 Livestock
EM1056,Musa,2024,Journal of Applied Life Sciences and Environment,NA,10.46909/alse-571128,NA,ERA 2024 Livestock
EM1057,Badr,2019,Bulletin of the National Research Centre,NA,10.1186/s42269-019-0239-y,NA,ERA 2024 Livestock
EM1058,Abel,2018,Journal of Research and Reports on Genetics,NA,NA,https://www.scholarscentral.com/abstract/growth-performance-haematological-and-biochemical-profile-of-sheep-fed-mango-kernel-meal-mkm-based-diets-84665.html,ERA 2024 Livestock
EM1059,Akintunde,2023,Agricultural Science Digest,NA,10.18805/ag.DF-430,NA,ERA 2024 Livestock
EM1060,Esonu,2020,Nigerian Journal of Animal Production,NA,10.51791/njap.v47i4.80,NA,ERA 2024 Livestock
EM1060,Esonu,2020,Nigerian Journal of Animal Production,NA,10.51791/njap.v47i4.80,NA,ERA 2024 Livestock
EM1061,Dzepe,2023,The Journal of Basic and Applied Zoology,NA,10.1186/s41936-023-00339-5,NA,ERA 2024 Livestock
EM1062,Balami,2020,Sahel Journal of Veterinary Sciences,NA,10.54058/saheljvs.v17i3.109,NA,ERA 2024 Livestock
EM1063,Egena,2010,Nigerian Journal of Animal Production,NA,10.51791/njap.v37i2.1346,NA,ERA 2024 Livestock
EM1064,Adegbenro,2020,Journal of Experimental Agriculture International,NA,10.9734/JEAI/2020/v42i230478,NA,ERA 2024 Livestock
EM1065,Ekpo,2021,Nigerian Journal of Animal Production,NA,10.51791/njap.v48i3.2975,NA,ERA 2024 Livestock
EM1066,Mulaudzi,2022,Sustainability,NA,10.3390/ su14095067,NA,ERA 2024 Livestock
EM1067,Helen,2020,Scientific Research Journal,NA,10.31364/SCIRJ/v8.i2.2020.P0220748,NA,ERA 2024 Livestock
EM1068,Nathalie,2020,Animal and Veterinary Sciences,NA,10.11648/j.avs.20200806.11,NA,ERA 2024 Livestock
EM1069,Sule,2024,International Journal of Frontiers in Life Science Research,NA,10.53294/ijflsr.2024.6.2.0028,NA,ERA 2024 Livestock
EM1070,Obadire,2019,Nigerian Journal of Animal Science and Technology,NA,NA,https://njast.com.ng/index.php/home/article/view/30,ERA 2024 Livestock
EM1072,Okuruwa,2019,European Journal of Nutrition & Food Safety,NA,10.9734/EJNFS/2019/v10i230102,NA,ERA 2024 Livestock
EM1073,Okuruwa,2019,Australian Journal of Basic and Applied Sciences,NA,10.22587/ajbas.2019.13.8.6,NA,ERA 2024 Livestock
EM1074,Tendonkeng,2018,Journal of Animal Husbandry and Dairy Science,NA,10.22259/2637-5354.0202005,NA,ERA 2024 Livestock
EM1075,Ebeid,2019,Egyptian Journal of  Nutrition and Feeds,NA,10.21608/ejnf.2019.79402,NA,ERA 2024 Livestock
EM1076,Shwerab,2023,Journal of Animal and Poultry Production,NA,10.21608/jappmu.2023.252036.1096,NA,ERA 2024 Livestock
EM1077,Sayed,2021,World's Veterinary Journal,NA,10.54203/scil.2021.wvj54,NA,ERA 2024 Livestock
EM1078,Heliso,2021,Journal of Agricultural Science and Practice,NA,10.31248/JASP2020.249,NA,ERA 2024 Livestock
EM1079,Ousseini,2023,International Journal of Scientific Research and Management (IJSRM),NA,10.18535/ijsrm/v11i010.ah02,NA,ERA 2024 Livestock
EM1081,Znabu,2019,"Journal of Dairy, Veterinary & Animal Research",NA,10.15406/jdvar.2019.08.00268,NA,ERA 2024 Livestock
EM1082,Fekadie,2022,Revista Acadêmica Ciência Animal,NA,10.7213/acad.2022.20006,NA,ERA 2024 Livestock
EM1083,Tirusew,2023,Veterinary Medicine and Science,NA,10.1002/vms3.1241,NA,ERA 2024 Livestock
EM1084,Etman,2018,Journal of Animal and Poultry Production,NA,10.21608/jappmu.2018.39801,NA,ERA 2024 Livestock
EM1085,Tibaoui,2020,Spanish Journal of Agricultural Research,NA,10.5424/sjar/2020184-16873,NA,ERA 2024 Livestock
EM1086,Niayale,2020,Ghana Journal of Agricultural Sciences,NA,10.4314/gjas.v55i2.9,NA,ERA 2024 Livestock
EM1087,Macdonald,2021,South African Journal of Animal Science,NA,10.4314/sajas.v51i1.11,NA,ERA 2024 Livestock
EM1088,Ali,2019,Al-Azhar Journal of Agricultural Research,NA,10.21608/ajar.2019.102622,NA,ERA 2024 Livestock
EM1089,Jules,2019,Agricultural Research and Technology  Open Access Journal,NA,10.19080/ARTOAJ.2019.21.556171,NA,ERA 2024 Livestock
EM1089,Jules,2019,Agricultural Research and Technology  Open Access Journal,NA,10.19080/ARTOAJ.2019.21.556171,NA,ERA 2024 Livestock
EM1090,Tefera,2022,AgroLife Scientific Journal,NA,10.17930/AGL2022127,NA,ERA 2024 Livestock
EM1091,Fahmy,2024,Egyptian Journal of Animal Production,NA,10.21608/ejap.2024.256376.1069,NA,ERA 2024 Livestock
EM1092,Effiong,2024,Journal of Animal & Plant Sciences,NA,10.36899/JAPS.2024.3.0766,NA,ERA 2024 Livestock
EM1093,Worku,2019,International Journal of Agricultural Science and Food Technology,NA,10.17352/2455-815X.000041,NA,ERA 2024 Livestock
EM1094,Khattab,2022,Egyptian Journal of Chemistry,NA,10.21608/ejchem.2021.98408.4580,NA,ERA 2024 Livestock
EM1095,Wuanor,2018,Journal of Agriculture and Ecology Research International,NA,10.9734/JAERI/2018/39061,NA,ERA 2024 Livestock
EM1096,Ogunjemite,2021,International Journal of Research,NA,NA,https://ijrjournal.com/index.php/ijr/article/view/228,ERA 2024 Livestock
EM1097,Yahaya,2020,Nigerian Journal of Animal Science and Technology,NA,NA,https://njast.com.ng/index.php/home/article/view/123,ERA 2024 Livestock
EM1098,Dadi,2021,American Journal of Environmental and Resource Economics,NA,10.11648/j.ajere.20210601.12,NA,ERA 2024 Livestock
EM1099,Babale,2019,Direct Research Journal of Veterinary Medicine and Animal Science,NA,10.5281/zenodo.3247437,NA,ERA 2024 Livestock
EM1100,Ikyume,2018,Journal of Animal Husbandry and Dairy Science,NA,NA,https://www.researchgate.net/profile/Timothy-Ikyume/publication/323943197_Growth_Performance_Blood_Profile_and_Economics_of_Production_of_West_African_Dwarf_WAD_Goats_Fed_Fermented_Baobab_Adansonia_Digitata_Seed_Meal/links/5ab3b9250f7e9b4897c69b67/Growth-Performance-Blood-Profile-and-Economics-of-Production-of-West-African-Dwarf-WAD-Goats-Fed-Fermented-Baobab-Adansonia-Digitata-Seed-Meal.pdf,ERA 2024 Livestock
EM1101,Mohsen,2021,Animal,NA,10.3390/ani11123496,NA,ERA 2024 Livestock
EM1102,Abdullah,2019,Egyptian Journal of Nutrition and Feeds,NA,10.21608/ejnf.2019.102283,NA,ERA 2024 Livestock
EM1103,Sayed,2023,Egyptian Journal of Sheep and Goat Sciences,NA,10.21608/ejsgs.2023.330868,NA,ERA 2024 Livestock
EM1104,Abd El-Mola,2019,Egyptian Journal of Animal Production,NA,10.21608/ejap.2019.93005,NA,ERA 2024 Livestock
EM1105,Otaru,2020,Veterinary and Animal Science,NA,10.1016/j.vas.2020.100137,NA,ERA 2024 Livestock
EM1106,Milongo,2022,Open Journal of Animal Sciences,NA,10.4236/ojas.2022.122018,NA,ERA 2024 Livestock
EM1107,Jiwuba,2018,"Sustainability, Agriculture, Food and Environmental Research",NA,10.7770/safer-V0N0-art1483,NA,ERA 2024 Livestock
EM1108,Meteab,2018,Arab Universities Journal of Agricultural Sciences,NA,10.21608/ajs.2018.35576,NA,ERA 2024 Livestock
JO1000,Hassan,2023,Tropical Animal Health and Production,NA,10.1007/s11250-023-03638-9,NA,ERA 2024 Livestock
JO1001,Idan,2023,Translational Animal Science,NA,10.1093/tas/txad004,NA,ERA 2024 Livestock
JO1002,Kekana,2019,South African Journal of Animal Science,NA,10.4314/sajas.v49i4.12,NA,ERA 2024 Livestock
JO1003,Sisay,2022,Ethiopian Veterinary Journal,NA,10.4314/evj.v26i2.1,NA,ERA 2024 Livestock
JO1004,Nyambali,2022,Agriculture,NA,10.3390/  agriculture12071023,NA,ERA 2024 Livestock
JO1005,Eyoh,2019,Journal of Animal Science and Veterinary Medicine,NA,10.31248/JASVM2019.134,NA,ERA 2024 Livestock
JO1007,Adjorlolo,2020,Online Journal of Animal and Feed Research,NA,10.51227/ojafr.2020.32,NA,ERA 2024 Livestock
JO1008,Abdurrahaman,2018,Nigerian Journal of Animal Science,NA,NA,https://www.ajol.info/index.php/tjas/article/view/181238,ERA 2024 Livestock
JO1009,Akinbode,2021,Journal of Agriculture and Rural Development in the Tropics and Subtropics,NA,10.17170/kobra-202104133653,NA,ERA 2024 Livestock
JO1010,Kuwi,2024,Indian Journal of Animal Science,NA,10.56093/ijans.v94i7.146750,NA,ERA 2024 Livestock
JO1022,Hailecherkos,2020,NA,NA,10.1002/vms3.376,NA,ERA 2024 Livestock
JO1023,Kumsa,2022,American Journal of Agricultural Economics,NA,10.11648/j.ajbio.20221001.12,NA,ERA 2024 Livestock
JO1027,Mengistu,2021,Ethiopian Journal of Applied Science and Technology,NA,NA,https://journals.ju.edu.et/index.php/ejast/issue/view/196,ERA 2024 Livestock
JO1042,Tsega,2024,Journal of Applied Animal Research,NA,10.1080/09712119.2024.2375250,NA,ERA 2024 Livestock
JO1044,Ocheja,2021,Veterinary Medicine and Public Health Journal,NA,10.31559/vmph2021.2.1.3,NA,ERA 2024 Livestock
JO1045,Kilyenyi,2023,International Journal of Animal Science and Technology,NA,10.11648/j.ijast.20230702.11,NA,ERA 2024 Livestock
JO1046,Chalchissa,2018,Journal of Biology Agriculture and Healthcare in the system,NA,NA,https://www.iiste.org/Journals/index.php/JBAH/article/view/43059,ERA 2024 Livestock
JO1047,Mohammed,2023,Journal of Applied Animal Research,NA,10.1080/09712119.2023.2290829,NA,ERA 2024 Livestock
JO1048,Muhammad,2021,Agricultural Science Digest,NA,10.18805/ag.D-295,NA,ERA 2024 Livestock
JO1049,Adetomiwa,2024,African Journal of Agriculture and Food Science,NA,10.52589/AJAFS-C0GJZKRR,NA,ERA 2024 Livestock
JO1050,Tsegaye,2019,Journal of Natural Sciences Research,NA,10.7176/JNSR,NA,ERA 2024 Livestock
JO1051,Oloche,2021,FUDMA Journal of Sciences,NA,10.33003/fjs-2021-0501-691,NA,ERA 2024 Livestock
JO1052,Bahri,2018,Indian Journal of Animal Science,NA,10.56093/ijans.v88i6.80894,NA,ERA 2024 Livestock
JO1053,Asres,2021,"Journal of Biology, Agriculture and Healthcare",NA,10.7176/JBAH/11-2-01,NA,ERA 2024 Livestock
JO1054,El-Emam,2018,Journal of Animal and Poultry Production,NA,10.21608/jappmu.2018.41167,NA,ERA 2024 Livestock
JO1055,Mikasi,2019,Indian Journal of Animal Research,NA,10.18805/ijar.B-1016,NA,ERA 2024 Livestock
JO1056,Sadek,2021,Egyptian Journal of Applied Science,NA,10.21608/ejas.2021.183448,NA,ERA 2024 Livestock
JO1057,Ranchobe,2023,Annual Research and Review in Biology,NA,10.9734/ARRB/2023/v38i230570,NA,ERA 2024 Livestock
JO1058,Sylva-Nyom,2023,African Journal of Agriculture and Food Science,NA,NA,https://www.aksuja.com.ng/viewpdf/articles/publications/d/70.pdf,ERA 2024 Livestock
JO1059,Okunlola,2021,Journal of Advances in Biology & Biotechnology,NA,10.9734/JABB/2021/v24i730237,NA,ERA 2024 Livestock
JO1060,Mhomga,2019,Journal of Experimental Agriculture International,NA,10.9734/JEAI/2019/v31i530084,NA,ERA 2024 Livestock
JO1061,Okpara,2021,Journal of Sustainable Veterinary & Allied Sciences,NA,10.54328/covm.josvas.2022.058,NA,ERA 2024 Livestock
JO1062,Ashagrie,2023,Frontiers in Animal Science,NA,10.3389/fanim.2023.1118437,NA,ERA 2024 Livestock
JO1063,Osita,2019,Indian Journal of Animal Research,NA,10.18805/ijar.B-969,NA,ERA 2024 Livestock
JO1064,Aziz,2020,Egyptian Journal of Nutrition and Feeds,NA,10.21608/ejnf.2020.115086,NA,ERA 2024 Livestock
JO1065,Chalchissa,2018,"Journal of Biology, Agriculture and Healthcare",NA,NA,https://www.google.com/url?sa=t&source=web&rct=j&opi=89978449&url=https://www.iiste.org/Journals/index.php/JBAH/article/download/43060/44354&ved=2ahUKEwij9qONn42KAxUVwAIHHVJlANEQFnoECBwQAQ&usg=AOvVaw2-HtTmiXyQ6V4G3NDBo87E,ERA 2024 Livestock
JO1066,Sagala,2021,"International Journal of Agricultural Research, Innovation and Technology",NA,10.3329/ijarit.v11i1.54474,NA,ERA 2024 Livestock
JO1067,Ojediran,2019,Acta Fytotechnica et Zootechnica,NA,10.15414/afz.2019.22.02.58-63,NA,ERA 2024 Livestock
JO1068,Ugwuoke,2020,Agricultural Science Digest,NA,10.18805/ag.D-189,NA,ERA 2024 Livestock
JO1069,Outu,2023,Farm Animal Health and Nutrition,NA,10.58803/fahn. v2i2.16,NA,ERA 2024 Livestock
JO1070,Tutubalang,2022,Journal of Applied Animal Research,NA,10.1080/09712119.2022.2058515,NA,ERA 2024 Livestock
JO1071,Ojediran,2018,Acta fytotechn zootechn,NA,10.15414/afz.2019.22.01.7-12,NA,ERA 2024 Livestock
JO1072,Waitituh,2020,Journal of Economic Impact,NA,10.52223/jei0202201,NA,ERA 2024 Livestock
JO1073,Singer,2018,Egyptian Journal Nutrition and Feeds,NA,10.21608/ejnf.2018.75575,NA,ERA 2024 Livestock
JO1074,Adogla-Bessa,2023,"African Journal of Food, Agriculture, Nutrition and Development",NA,10.18697/ajfand.110.21925,NA,ERA 2024 Livestock
JO1075,Modisaojang-Mojanaga,2019,Applied Ecology and Environmental Research,NA,10.15666/aeer/1704_81398150,NA,ERA 2024 Livestock
JO1076,Mthana,2024,Tropical Animal Health and Production,NA,10.1007/s11250-023-03878-9,NA,ERA 2024 Livestock
JO1077,Muremera,2022,International Journal of Veterinary Sciences and Animal Husbandry,NA,10.22271/veterinary.2022.v7.i3a.423,NA,ERA 2024 Livestock
JO1078,Jimoh,2024,Journal of Animal Science and Technology,NA,10.5187/jast.2022.e123,NA,ERA 2024 Livestock
JO1079,Gabriel,2018,Asian Research Journal of Agriculture,NA,10.9734/ARJA/2018/33770,NA,ERA 2024 Livestock
JO1080,Gabriel,2018,Sciendo,NA,10.2478/azibna-2020-0010,NA,ERA 2024 Livestock
JO1081,Anya,2019,Canadian Journal of Agriculture and Crops,NA,10.20448/803.4.1.1.10,NA,ERA 2024 Livestock
JO1082,Hadhoud,2020,Sciendo,NA,10.2478/aoas-2020-0114,NA,ERA 2024 Livestock
JO1083,Olawoye,2020,ADAN Journal of Agriculture,NA,10.36108/adanja/0202.10.0191,NA,ERA 2024 Livestock
JO1084,Abidi,2020,World Journal of  Agriculture and Soil Science,NA,10.33552/WJASS.2020.04.000594,NA,ERA 2024 Livestock
JO1085,Baleseng,2023,Animal,NA,10.3390/  ani13081387,NA,ERA 2024 Livestock
JO1086,Abdelazem,2019,Research Journal of Animal and Veterinary Sciences,NA,10.22587/rjavs.2019.11.1.1,NA,ERA 2024 Livestock
JO1087,David,2019,GSC Biological and Pharmaceutical Sciences,NA,10.30574/gscbps.2020.10.1.0247,NA,ERA 2024 Livestock
JO1088,Wuanor,2018,Journal of Animal Husbandry and Dairy Science,NA,10.22259/2637-5354.0201002,NA,ERA 2024 Livestock
JO1089,Omer,2019,Bulletin of the National Research Centre,NA,10.1186/s42269-019-0140-8,NA,ERA 2024 Livestock
JO1090,Andriarimalala,2019,Pesquisa Agropecuária Tropical,NA,10.1590/1983-40632019v4954370,NA,ERA 2024 Livestock
JO1091,Gakige,2020,Animal Production Science,NA,10.1071/AN18743,NA,ERA 2024 Livestock
JO1092,Rabee,2021,PeerJ,NA,10.7717/peerj.12447,NA,ERA 2024 Livestock
JO1093,Omer,2019,Bulletin of the National Research Centre,NA,10.1186/s42269-019-0241-4,NA,ERA 2024 Livestock
JO1094,Atsbha,2021,Heliyon,NA,10.1016/j.heliyon.2021.e06935,NA,ERA 2024 Livestock
JO1095,Teshager,2022,Veterinary Medicine and Science,NA,10.1002/vms3.898,NA,ERA 2024 Livestock
JO1096,Moutik,2021,Heliyon,NA,10.1016/j.heliyon.2021.e05942,NA,ERA 2024 Livestock
JO1097,Abo-Donia,2019,Journal of Animal and Poultry Production,NA,10.21608/jappmu.2019.43003,NA,ERA 2024 Livestock
JO1098,Mahrous,2019,Egyptian Society of Nutrition and Feeds,NA,10.21608/ejnf.2019.103456,NA,ERA 2024 Livestock
JO1099,Omotoso,2018,Nigerian Journal of Animal Science,NA,NA,https://www.ajol.info/index.php/tjas/article/view/181239,ERA 2024 Livestock
JO1100,Ekanem,2024,International Journal of Life Science and Agriculture Research,NA,10.55677/ijlsar/V03I4Y2024-06,NA,ERA 2024 Livestock
